"iso_3","UNHCRcode","ctryname","namepostat","namepostat2","gis_name","UNHCRBureau","main_office","hcr_region","hcr_subregion","code_op","Latitude","Longitude","scalerank","LABELRANK","SOVEREIGNT","SOV_A3","ADM0_DIF","LEVEL","TYPE","ADMIN","ADM0_A3","CONTINENT","REGION_UN","SUBREGION","REGION_WB","ECONOMY","INCOME_GRP","POP_EST","POP_RANK","GDP_MD_EST","POP_YEAR","LASTCENSUS","M49_code"
"ABW","ABW","Aruba","Aruba",NA,"Aruba (K. of the Netherland)","Americas","Regional Bureau for the Americas","The Americas","North America and the Caribbean","USA RO ABC",12.51564367,-69.97564846,3,5,"Netherlands","NL1",1,2,"Country","Aruba","ABW","North America","Americas","Caribbean","Latin America & Caribbean","6. Developing region","2. High income: nonOECD",115120,9,2516,2017,2010,533
"AFG","AFG","Afghanistan","Afghanistan",NA,"Afghanistan","Asia","Regional Bureau for Asia and the Pacific","Asia and the Pacific","South-West Asia","AFG ABC",33.91670746,66.06593942,0,3,"Afghanistan","AFG",0,2,"Sovereign country","Afghanistan","AFG","Asia","Asia","Southern Asia","South Asia","7. Least developed region","5. Low income",34124811,15,64080,2017,1979,4
"AGO","ANG","Angola","Angola",NA,"Angola","SouthAfrica","Regional Bureau for Southern Africa","Africa","Southern Africa","AGO ABC",-12.39232851,17.5749201,0,3,"Angola","AGO",0,2,"Sovereign country","Angola","AGO","Africa","Africa","Middle Africa","Sub-Saharan Africa","7. Least developed region","3. Upper middle income",29310273,15,189000,2017,1970,24
"AIA","AIA","Anguilla","Anguilla",NA,NA,"Americas",NA,NA,NA,NA,18.22288274,-63.06007184,3,6,"United Kingdom","GB1",1,2,"Dependency","Anguilla","AIA","North America","Americas","Caribbean","Latin America & Caribbean","6. Developing region","3. Upper middle income",17087,6,175.4,2017,-99,NA
"ALB","ALB","Albania","Albania",NA,"Albania","Europe","Regional Bureau for Europe","Europe","South-Eastern Europe","BIH RO ABC",41.15474955,20.06738391,0,6,"Albania","ALB",0,2,"Sovereign country","Albania","ALB","Europe","Europe","Southern Europe","Europe & Central Asia","6. Developing region","4. Lower middle income",3047987,12,33900,2017,2001,8
"AND","AND","Andorra","Andorra",NA,"Andorra","Europe","Regional Bureau for Europe","Europe","Northern, Western, Central and Southern Europe","RBE",42.54872422,1.576777923,0,6,"Andorra","AND",0,2,"Sovereign country","Andorra","AND","Europe","Europe","Southern Europe","Europe & Central Asia","2. Developed region: nonG7","2. High income: nonOECD",85702,8,3327,2017,1989,20
"ARE","UAE","United Arab Emirates","United Arab Emirates",NA,"United Arab Emirates","MENA","Regional Bureau for the Middle East and North Africa","Middle East and North Africa","Middle East","SAU ABC",23.43523451,53.982495,0,4,"United Arab Emirates","ARE",0,2,"Sovereign country","United Arab Emirates","ARE","Asia","Asia","Western Asia","Middle East & North Africa","6. Developing region","2. High income: nonOECD",6072475,13,667200,2017,2010,784
"ARG","ARG","Argentina","Argentina",NA,"Argentina","Americas","Regional Bureau for the Americas","The Americas","Latin America","ARG RO ABC",-36.31301214,-65.38050053,0,2,"Argentina","ARG",0,2,"Sovereign country","Argentina","ARG","South America","Americas","South America","Latin America & Caribbean","5. Emerging region: G20","3. Upper middle income",44293293,15,879400,2017,2010,32
"ARM","ARM","Armenia","Armenia",NA,"Armenia","Europe","Regional Bureau for Europe","Europe","Eastern Europe","GEO RO ABC",40.29352119,44.94264231,0,6,"Armenia","ARM",0,2,"Sovereign country","Armenia","ARM","Asia","Asia","Western Asia","Europe & Central Asia","6. Developing region","4. Lower middle income",3045191,12,26300,2017,2001,51
"ASM","ASM","American Samoa","American Samoa",NA,NA,"Americas",NA,NA,NA,NA,-14.30441373,-170.707837,5,4,"United States of America","US1",1,2,"Dependency","American Samoa","ASM","Oceania","Oceania","Polynesia","East Asia & Pacific","6. Developing region","3. Upper middle income",51504,8,711,2017,2010,NA
"ATG","ANT","Antigua and Barbuda","Antigua and Barbuda",NA,"Antigua and Barbuda","Americas","Regional Bureau for the Americas","The Americas","North America and the Caribbean","USA RO ABC",17.07148073,-61.78531099,3,6,"Antigua and Barbuda","ATG",0,2,"Sovereign country","Antigua and Barbuda","ATG","North America","Americas","Caribbean","Latin America & Caribbean","6. Developing region","3. Upper middle income",94731,8,2171,2017,2011,28
"AUS","AUL","Australia","Australia",NA,"Australia","Asia","Regional Bureau for Asia and the Pacific","Asia and the Pacific","East Asia and the Pacific","AUS RO ABC",-26.0236158,134.4416227,0,2,"Australia","AU1",1,2,"Country","Australia","AUS","Oceania","Oceania","Australia and New Zealand","East Asia & Pacific","2. Developed region: nonG7","1. High income: OECD",23232413,15,1189000,2017,2006,36
"AUT","AUS","Austria","Austria",NA,"Austria","Europe","Regional Bureau for Europe","Europe","Northern, Western, Central and Southern Europe","BEL RO ABC",47.60314607,14.14839783,0,4,"Austria","AUT",0,2,"Sovereign country","Austria","AUT","Europe","Europe","Western Europe","Europe & Central Asia","2. Developed region: nonG7","1. High income: OECD",8754413,13,416600,2017,2011,40
"AZE","AZE","Azerbaijan","Azerbaijan",NA,"Azerbaijan","Europe","Regional Bureau for Europe","Europe","Eastern Europe","GEO RO ABC",40.36647779,47.65930692,0,5,"Azerbaijan","AZE",0,2,"Sovereign country","Azerbaijan","AZE","Asia","Asia","Western Asia","Europe & Central Asia","6. Developing region","3. Upper middle income",9961396,13,167900,2017,2009,31
"BDI","BDI","Burundi","Burundi",NA,"Burundi","EastAfrica","Regional Bureau for the East and Horn of Africa, and Great Lakes","Africa","Central Africa and the Great Lakes","BDI ABC",-3.356573381,29.88709732,0,6,"Burundi","BDI",0,2,"Sovereign country","Burundi","BDI","Africa","Africa","Eastern Africa","Sub-Saharan Africa","7. Least developed region","5. Low income",11466756,14,7892,2017,2008,108
"BEL","BEL","Belgium","Belgium",NA,"Belgium","Europe","Regional Bureau for Europe","Europe","Northern, Western, Central and Southern Europe","BEL RO ABC",50.64893788,4.660394579,0,2,"Belgium","BEL",0,2,"Sovereign country","Belgium","BEL","Europe","Europe","Western Europe","Europe & Central Asia","2. Developed region: nonG7","1. High income: OECD",11491346,14,508600,2017,2011,56
"BEN","BEN","Benin","Benin",NA,"Benin","WestAfrica","Regional Bureaufor West and Central Africa","Africa","West Africa","SEN RO ABC",9.657555807,2.34374885,0,5,"Benin","BEN",0,2,"Sovereign country","Benin","BEN","Africa","Africa","Western Africa","Sub-Saharan Africa","7. Least developed region","5. Low income",11038805,14,24310,2017,2002,204
"BES","BES","Bonaire, Saint Eustatius and Saba","Bonaire",NA,"Bonaire Saint Eustatius and Saba (NLD)","Americas","Regional Bureau for the Americas","The Americas","North America and the Caribbean","USA RO ABC",12.23884198,-68.30473,NA,NA,NA,NA,NA,NA,NA,NA,NA,NA,NA,NA,NA,NA,NA,NA,NA,NA,NA,NA,535
"BFA","BKF","Burkina Faso","Burkina Faso",NA,"Burkina Faso","WestAfrica","Regional Bureaufor West and Central Africa","Africa","West Africa","BFA ABC",12.28600386,-1.736868087,0,3,"Burkina Faso","BFA",0,2,"Sovereign country","Burkina Faso","BFA","Africa","Africa","Western Africa","Sub-Saharan Africa","7. Least developed region","5. Low income",20107509,15,32990,2017,2006,854
"BGD","BGD","Bangladesh","Bangladesh",NA,"Bangladesh","Asia","Regional Bureau for Asia and the Pacific","Asia and the Pacific","South East Asia","BGD ABC",23.89311004,90.24891502,0,3,"Bangladesh","BGD",0,2,"Sovereign country","Bangladesh","BGD","Asia","Asia","Southern Asia","South Asia","7. Least developed region","5. Low income",157826578,17,628400,2017,2011,50
"BGR","BUL","Bulgaria","Bulgaria",NA,"Bulgaria","Europe","Regional Bureau for Europe","Europe","Northern, Western, Central and Southern Europe","HUN RO ABC",42.77345384,25.23487893,0,4,"Bulgaria","BGR",0,2,"Sovereign country","Bulgaria","BGR","Europe","Europe","Eastern Europe","Europe & Central Asia","2. Developed region: nonG7","3. Upper middle income",7101510,13,143100,2017,2011,100
"BHR","BAH","Bahrain","Bahrain",NA,"Bahrain","MENA","Regional Bureau for the Middle East and North Africa","Middle East and North Africa","Middle East","SAU ABC",26.04050902,50.54320308,5,4,"Bahrain","BHR",0,2,"Sovereign country","Bahrain","BHR","Asia","Asia","Western Asia","Middle East & North Africa","6. Developing region","2. High income: nonOECD",1410942,12,66370,2017,2010,48
"BHS","BHS","Bahamas","Bahamas",NA,"Bahamas","Americas","Regional Bureau for the Americas","The Americas","North America and the Caribbean","USA RO ABC",24.70200669,-78.04063908,5,4,"The Bahamas","BHS",0,2,"Sovereign country","The Bahamas","BHS","North America","Americas","Caribbean","Latin America & Caribbean","6. Developing region","2. High income: nonOECD",329988,10,9066,2017,2010,44
"BIH","BSN","Bosnia and Herzegovina","Bosnia and Herzegovina",NA,"Bosnia and Herzegovina","Europe","Regional Bureau for Europe","Europe","South-Eastern Europe","BIH RO ABC",44.1776138,17.78340489,0,5,"Bosnia and Herzegovina","BIH",0,2,"Sovereign country","Bosnia and Herzegovina","BIH","Europe","Europe","Southern Europe","Europe & Central Asia","6. Developing region","3. Upper middle income",3856181,12,42530,2017,1991,70
"BLM","BLM","Saint-Barthelemy",NA,NA,NA,"Americas",NA,NA,NA,NA,17.9098486,-62.83557158,6,6,"France","FR1",1,2,"Dependency","Saint Barthelemy","BLM","North America","Americas","Caribbean","Latin America & Caribbean","2. Developed region: nonG7","1. High income: OECD",7184,5,255,2017,-99,NA
"BLR","BLR","Belarus","Belarus",NA,"Belarus","Europe","Regional Bureau for Europe","Europe","Eastern Europe","BLR ABC",53.58691222,28.05591569,0,4,"Belarus","BLR",0,2,"Sovereign country","Belarus","BLR","Europe","Europe","Eastern Europe","Europe & Central Asia","6. Developing region","3. Upper middle income",9549747,13,165400,2017,2009,112
"BLZ","BZE","Belize","Belize",NA,"Belize","Americas","Regional Bureau for the Americas","The Americas","Latin America","PAN RO ABC",17.21331239,-88.69545108,0,6,"Belize","BLZ",0,2,"Sovereign country","Belize","BLZ","North America","Americas","Central America","Latin America & Caribbean","6. Developing region","4. Lower middle income",360346,10,3088,2017,2010,84
"BMU","BER","Bermuda","Bermuda",NA,"Bermuda (GBR)","Americas","Regional Bureau for the Americas","The Americas","North America and the Caribbean",NA,32.3026134,-64.749935,5,6,"United Kingdom","GB1",1,2,"Dependency","Bermuda","BMU","North America","Americas","Northern America","North America","2. Developed region: nonG7","2. High income: nonOECD",70864,8,5198,2017,2010,60
"BOL","BOL","Bolivia (Plurinational State of)","Bolivia (Plurinational State of)",NA,"Plurinational State of Bolivia","Americas","Regional Bureau for the Americas","The Americas","Latin America","ARG RO ABC",-16.78265491,-64.66489316,0,3,"Bolivia","BOL",0,2,"Sovereign country","Bolivia","BOL","South America","Americas","South America","Latin America & Caribbean","5. Emerging region: G20","4. Lower middle income",11138234,14,78350,2017,2001,68
"BRA","BRA","Brazil","Brazil",NA,"Brazil","Americas","Regional Bureau for the Americas","The Americas","Latin America","BRA ABC",-11.23342829,-53.04890275,0,2,"Brazil","BRA",0,2,"Sovereign country","Brazil","BRA","South America","Americas","South America","Latin America & Caribbean","3. Emerging region: BRIC","3. Upper middle income",207353391,17,3081000,2017,2010,76
"BRB","BAR","Barbados","Barbados",NA,"Barbados","Americas","Regional Bureau for the Americas","The Americas","North America and the Caribbean","USA RO ABC",13.17874391,-59.56196322,3,5,"Barbados","BRB",0,2,"Sovereign country","Barbados","BRB","North America","Americas","Caribbean","Latin America & Caribbean","6. Developing region","2. High income: nonOECD",292336,10,4804,2017,2010,52
"BRN","BRU","Brunei Darussalam","Brunei Darussalam",NA,"Brunei Darussalam","Asia","Regional Bureau for Asia and the Pacific","Asia and the Pacific","South East Asia","THA RO ABC",4.417251318,114.59934,0,6,"Brunei","BRN",0,2,"Sovereign country","Brunei","BRN","Asia","Asia","South-Eastern Asia","East Asia & Pacific","6. Developing region","2. High income: nonOECD",443593,10,33730,2017,2001,96
"BTN","BHU","Bhutan","Bhutan",NA,"Bhutan","Asia","Regional Bureau for Asia and the Pacific","Asia and the Pacific","South East Asia","THA RO ABC",27.41738078,90.4292674,0,5,"Bhutan","BTN",0,2,"Sovereign country","Bhutan","BTN","Asia","Asia","Southern Asia","South Asia","7. Least developed region","4. Lower middle income",758288,11,6432,2017,2005,64
"BVT","BVT","Bouvet Island",NA,NA,NA,NA,NA,NA,NA,NA,-54.42191584,3.412517817,NA,NA,NA,NA,NA,NA,NA,NA,NA,NA,NA,NA,NA,NA,NA,NA,NA,NA,NA,NA,NA
"BWA","BOT","Botswana","Botswana",NA,"Botswana","SouthAfrica","Regional Bureau for Southern Africa","Africa","Southern Africa","ZAF RO ABC",-22.22989897,23.80968839,0,4,"Botswana","BWA",0,2,"Sovereign country","Botswana","BWA","Africa","Africa","Southern Africa","Sub-Saharan Africa","6. Developing region","3. Upper middle income",2214858,12,35900,2017,2011,72
"CAF","CAR","Central African Rep.","Central African Rep.",NA,"Central African Republic","WestAfrica","Regional Bureaufor West and Central Africa","Africa","Central Africa and the Great Lakes","CAF ABC",7.008834374,20.939305,0,4,"Central African Republic","CAF",0,2,"Sovereign country","Central African Republic","CAF","Africa","Africa","Middle Africa","Sub-Saharan Africa","7. Least developed region","5. Low income",5625118,13,3206,2017,2003,140
"CAN","CAN","Canada","Canada",NA,"Canada","Americas","Regional Bureau for the Americas","The Americas","North America and the Caribbean","CAN ABC",60.72319025,-119.6636475,0,2,"Canada","CAN",0,2,"Sovereign country","Canada","CAN","North America","Americas","Northern America","North America","1. Developed region: G7","1. High income: OECD",35623680,15,1674000,2017,2011,124
"CHE","SWI","Switzerland","Switzerland",NA,"Switzerland","Europe","Regional Bureau for Europe","Europe","Northern, Western, Central and Southern Europe","BEL RO ABC",46.97819234,8.22761,0,4,"Switzerland","CHE",0,2,"Sovereign country","Switzerland","CHE","Europe","Europe","Western Europe","Europe & Central Asia","2. Developed region: nonG7","1. High income: OECD",8236303,13,496300,2017,2010,756
"CHL","CHL","Chile","Chile",NA,"Chile","Americas","Regional Bureau for the Americas","The Americas","Latin America","ARG RO ABC",-37.66632188,-71.43251712,6,2,"Chile","CHL",0,2,"Sovereign country","Chile","CHL","South America","Americas","South America","Latin America & Caribbean","5. Emerging region: G20","3. Upper middle income",17789267,14,436100,2017,2002,152
"CHN","CHI","China","China",NA,"China","Asia","Regional Bureau for Asia and the Pacific","Asia and the Pacific","East Asia and the Pacific","CHN RO ABC",32.82547558,104.19426,0,2,"China","CH1",1,2,"Country","China","CHN","Asia","Asia","Eastern Asia","East Asia & Pacific","3. Emerging region: BRIC","3. Upper middle income",1379302771,18,21140000,2017,2010,156
"CIV","ICO","Cote d'Ivoire","Côte d'Ivoire","C<f4>te d'Ivoire","Côte d'Ivoire","WestAfrica","Regional Bureaufor West and Central Africa","Africa","West Africa","CIV ABC",7.639376794,-5.555811084,0,3,"Ivory Coast","CIV",0,2,"Sovereign country","Ivory Coast","CIV","Africa","Africa","Western Africa","Sub-Saharan Africa","6. Developing region","4. Lower middle income",24184810,15,87120,2017,1998,384
"CMR","CMR","Cameroon","Cameroon",NA,"Cameroon","WestAfrica","Regional Bureaufor West and Central Africa","Africa","Central Africa and the Great Lakes","CMR ABC",5.703826495,12.74653658,0,3,"Cameroon","CMR",0,2,"Sovereign country","Cameroon","CMR","Africa","Africa","Middle Africa","Sub-Saharan Africa","6. Developing region","4. Lower middle income",24994885,15,77240,2017,2005,120
"COD","COD","Dem. Rep. of the Congo","Dem. Rep. of the Congo",NA,"Democratic Republic of the Congo","SouthAfrica","Regional Bureau for Southern Africa","Africa","Central Africa and the Great Lakes","COD RO ABC",-2.90353675,23.65872018,0,2,"Democratic Republic of the Congo","COD",0,2,"Sovereign country","Democratic Republic of the Congo","COD","Africa","Africa","Middle Africa","Sub-Saharan Africa","7. Least developed region","5. Low income",83301151,16,66010,2017,1984,180
"COG","COB","Congo","Congo",NA,"Republic of the Congo","SouthAfrica","Regional Bureau for Southern Africa","Africa","Central Africa and the Great Lakes","COG ABC",-0.842182729,15.22357639,0,4,"Republic of the Congo","COG",0,2,"Sovereign country","Republic of the Congo","COG","Africa","Africa","Middle Africa","Sub-Saharan Africa","6. Developing region","4. Lower middle income",4954674,12,30270,2017,2007,178
"COK","COK","Cook Islands","Cook Islands",NA,"Cook Islands","Asia","Regional Bureau for Asia and the Pacific","Asia and the Pacific","East Asia and the Pacific",NA,-21.22261449,-159.7876888,6,4,"New Zealand","NZ1",1,2,"Dependency","Cook Islands","COK","Oceania","Oceania","Polynesia","East Asia & Pacific","6. Developing region","3. Upper middle income",9290,5,244.1,2017,-99,184
"COL","COL","Colombia","Colombia",NA,"Colombia","Americas","Regional Bureau for the Americas","The Americas","Latin America","COL ABC",3.922030023,-73.07390625,0,2,"Colombia","COL",0,2,"Sovereign country","Colombia","COL","South America","Americas","South America","Latin America & Caribbean","6. Developing region","3. Upper middle income",47698524,15,688000,2017,2006,170
"COM","COI","Comoros","Comoros",NA,"Comoros","SouthAfrica","Regional Bureau for Southern Africa","Africa","Southern Africa","ZAF RO ABC",-11.66591728,43.34127392,5,6,"Comoros","COM",0,2,"Sovereign country","Comoros","COM","Africa","Africa","Eastern Africa","Sub-Saharan Africa","7. Least developed region","5. Low income",808080,11,1259,2017,2003,174
"CPV","CVI","Cabo Verde","Cabo Verde",NA,"Cape Verde","WestAfrica","Regional Bureaufor West and Central Africa","Africa","West Africa","SEN RO ABC",15.07166095,-23.63484014,6,4,"Cabo Verde","CPV",0,2,"Sovereign country","Cabo Verde","CPV","Africa","Africa","Western Africa","Sub-Saharan Africa","6. Developing region","4. Lower middle income",560899,11,3583,2017,2010,132
"CRI","COS","Costa Rica","Costa Rica",NA,"Costa Rica","Americas","Regional Bureau for the Americas","The Americas","Latin America","CRI ABC",9.972132742,-84.18904374,0,5,"Costa Rica","CRI",0,2,"Sovereign country","Costa Rica","CRI","North America","Americas","Central America","Latin America & Caribbean","5. Emerging region: G20","3. Upper middle income",4930258,12,79260,2017,2011,188
"CUB","CUB","Cuba","Cuba",NA,"Cuba","Americas","Regional Bureau for the Americas","The Americas","Latin America","PAN RO ABC",22.09967767,-79.542095,0,3,"Cuba","CUB",0,2,"Sovereign country","Cuba","CUB","North America","Americas","Caribbean","Latin America & Caribbean","5. Emerging region: G20","3. Upper middle income",11147407,14,132900,2017,2002,192
"CUW","CUW","Curacao","Curaçao","Curaçao","Curaçao (K. of the Netherland)","Americas","Regional Bureau for the Americas","The Americas","North America and the Caribbean","USA RO ABC",12.1528715,-68.955285,3,5,"Netherlands","NL1",1,2,"Country","Curaçao","CUW","North America","Americas","Caribbean","Latin America & Caribbean","6. Developing region","2. High income: nonOECD",149648,9,3128,2017,-99,531
"CYM","CAY","Cayman Islands","Cayman Islands",NA,"Cayman Islands","Americas","Regional Bureau for the Americas","The Americas","North America and the Caribbean","USA RO ABC",19.30866872,-81.23844737,3,5,"United Kingdom","GB1",1,2,"Dependency","Cayman Islands","CYM","North America","Americas","Caribbean","Latin America & Caribbean","5. Emerging region: G20","2. High income: nonOECD",58441,8,2507,2017,2010,136
"CYP","CYP","Cyprus","Cyprus",NA,"Cyprus","Europe","Regional Bureau for Europe","Europe","Northern, Western, Central and Southern Europe","ITA RO ABC",35.0467035,33.22253375,6,5,"Cyprus","CYP",0,2,"Sovereign country","Cyprus","CYP","Asia","Asia","Western Asia","Europe & Central Asia","6. Developing region","2. High income: nonOECD",1221549,12,29260,2017,2001,196
"CZE","CZE","Czechia","Czech Rep.",NA,"Czech Republic","Europe","Regional Bureau for Europe","Europe","Northern, Western, Central and Southern Europe","HUN RO ABC",49.75178263,15.33478136,0,5,"Czechia","CZE",0,2,"Sovereign country","Czechia","CZE","Europe","Europe","Eastern Europe","Europe & Central Asia","2. Developed region: nonG7","1. High income: OECD",10674723,14,350900,2017,2011,203
"DEU","GFR","Germany","Germany",NA,"Germany","Europe","Regional Bureau for Europe","Europe","Northern, Western, Central and Southern Europe","DEU ABC",51.20186131,10.39049338,0,2,"Germany","DEU",0,2,"Sovereign country","Germany","DEU","Europe","Europe","Western Europe","Europe & Central Asia","1. Developed region: G7","1. High income: OECD",80594017,16,3979000,2017,2011,276
"DJI","DJB","Djibouti","Djibouti",NA,"Djibouti","EastAfrica","Regional Bureau for the East and Horn of Africa, and Great Lakes","Africa","East and Horn of Africa","DJI ABC",11.57392452,42.1749975,0,5,"Djibouti","DJI",0,2,"Sovereign country","Djibouti","DJI","Africa","Africa","Eastern Africa","Middle East & North Africa","7. Least developed region","4. Lower middle income",865267,11,3345,2017,2009,262
"DMA","DMA","Dominica","Dominica",NA,"Dominica","Americas","Regional Bureau for the Americas","The Americas","North America and the Caribbean","USA RO ABC",15.43568043,-61.35577218,3,6,"Dominica","DMA",0,2,"Sovereign country","Dominica","DMA","North America","Americas","Caribbean","Latin America & Caribbean","6. Developing region","3. Upper middle income",73897,8,812,2017,2011,212
"DNK","DEN","Denmark","Denmark",NA,"Denmark","Europe","Regional Bureau for Europe","Europe","Northern, Western, Central and Southern Europe","SWE RO ABC",56.04780869,9.319735501,0,4,"Denmark","DN1",1,2,"Country","Denmark","DNK","Europe","Europe","Northern Europe","Europe & Central Asia","2. Developed region: nonG7","1. High income: OECD",5605948,13,264800,2017,2011,208
"DOM","DOM","Dominican Rep.","Dominican Rep.",NA,"Dominican Republic","Americas","Regional Bureau for the Americas","The Americas","North America and the Caribbean","USA RO ABC",18.89852025,-70.489848,0,5,"Dominican Republic","DOM",0,2,"Sovereign country","Dominican Republic","DOM","North America","Americas","Caribbean","Latin America & Caribbean","6. Developing region","3. Upper middle income",10734247,14,161900,2017,2010,214
"DZA","ALG","Algeria","Algeria",NA,"Algeria","MENA","Regional Bureau for the Middle East and North Africa","Middle East and North Africa","North Africa","DZA ABC",28.42454646,2.629147599,0,3,"Algeria","DZA",0,2,"Sovereign country","Algeria","DZA","Africa","Africa","Northern Africa","Middle East & North Africa","6. Developing region","3. Upper middle income",40969443,15,609400,2017,2008,12
"ECU","ECU","Ecuador","Ecuador",NA,"Ecuador","Americas","Regional Bureau for the Americas","The Americas","Latin America","ECU ABC",-1.450100143,-78.38642933,0,3,"Ecuador","ECU",0,2,"Sovereign country","Ecuador","ECU","South America","Americas","South America","Latin America & Caribbean","6. Developing region","3. Upper middle income",16290913,14,182400,2017,2010,218
"EGY","ARE","Egypt","Egypt",NA,"Egypt","MENA","Regional Bureau for the Middle East and North Africa","Middle East and North Africa","North Africa","EGY ABC",26.66372355,29.76735186,0,2,"Egypt","EGY",0,2,"Sovereign country","Egypt","EGY","Africa","Africa","Northern Africa","Middle East & North Africa","5. Emerging region: G20","4. Lower middle income",97041072,16,1105000,2017,2006,818
"ERI","ERT","Eritrea","Eritrea",NA,"Eritrea","EastAfrica","Regional Bureau for the East and Horn of Africa, and Great Lakes","Africa","East and Horn of Africa","ERI ABC",16.11358177,38.112805,0,4,"Eritrea","ERI",0,2,"Sovereign country","Eritrea","ERI","Africa","Africa","Eastern Africa","Sub-Saharan Africa","7. Least developed region","5. Low income",5918919,13,9169,2017,1984,232
"ESH","WSH","Western Sahara","Western Sahara",NA,"Western Sahara","MENA","Regional Bureau for the Middle East and North Africa","Middle East and North Africa","North Africa","ESH ABC",24.70553113,-13.11413985,0,7,"Western Sahara","SAH",0,2,"Indeterminate","Western Sahara","SAH","Africa","Africa","Northern Africa","Middle East & North Africa","7. Least developed region","5. Low income",603253,11,906.5,2017,-99,732
"ESP","SPA","Spain","Spain",NA,"Spain","Europe","Regional Bureau for Europe","Europe","Northern, Western, Central and Southern Europe","ITA RO ABC",40.47460795,-3.552668406,0,2,"Spain","ESP",0,2,"Sovereign country","Spain","ESP","Europe","Europe","Southern Europe","Europe & Central Asia","2. Developed region: nonG7","1. High income: OECD",48958159,15,1690000,2017,2001,724
"EST","EST","Estonia","Estonia",NA,"Estonia","Europe","Regional Bureau for Europe","Europe","Northern, Western, Central and Southern Europe","SWE RO ABC",58.69986724,25.82999578,0,6,"Estonia","EST",0,2,"Sovereign country","Estonia","EST","Europe","Europe","Northern Europe","Europe & Central Asia","2. Developed region: nonG7","1. High income: OECD",1251581,12,38700,2017,2000,233
"ETH","ETH","Ethiopia","Ethiopia",NA,"Ethiopia","EastAfrica","Regional Bureau for the East and Horn of Africa, and Great Lakes","Africa","East and Horn of Africa","ETH ABC",8.663576401,39.61144934,0,2,"Ethiopia","ETH",0,2,"Sovereign country","Ethiopia","ETH","Africa","Africa","Eastern Africa","Sub-Saharan Africa","7. Least developed region","5. Low income",105350020,17,174700,2017,2007,231
"FIN","FIN","Finland","Finland",NA,"Finland","Europe","Regional Bureau for Europe","Europe","Northern, Western, Central and Southern Europe","SWE RO ABC",64.93020867,26.32399532,0,3,"Finland","FI1",1,2,"Country","Finland","FIN","Europe","Europe","Northern Europe","Europe & Central Asia","2. Developed region: nonG7","1. High income: OECD",5491218,13,224137,2017,2010,246
"FJI","FIJ","Fiji","Fiji",NA,"Fiji","Asia","Regional Bureau for Asia and the Pacific","Asia and the Pacific","East Asia and the Pacific","AUS RO ABC",-17.82567466,177.9736036,5,6,"Fiji","FJI",0,2,"Sovereign country","Fiji","FJI","Oceania","Oceania","Melanesia","East Asia & Pacific","6. Developing region","4. Lower middle income",920938,11,8374,2017,2007,242
"FLK","FLK","Falkland Islands (Malvinas)",NA,NA,"Falkland Islands (Malvinas)","Americas","Regional Bureau for the Americas","The Americas","Latin America","RBAC",-51.74925863,-58.76410557,5,5,"United Kingdom","GB1",1,2,"Dependency","Falkland Islands","FLK","South America","Americas","South America","Latin America & Caribbean","2. Developed region: nonG7","1. High income: OECD",2931,4,281.8,2014,-99,238
"FRA","FRA","France","France",NA,"France","Europe","Regional Bureau for Europe","Europe","Northern, Western, Central and Southern Europe","FRA ABC",46.74889977,2.451936096,0,2,"France","FR1",1,2,"Country","France","FRA",NA,NA,NA,NA,NA,NA,NA,NA,NA,NA,NA,250
"FRO","FRO","Faeroe Islands",NA,NA,"Faeroe Islands (DNK)","Europe","Regional Bureau for Europe","Europe","Northern, Western, Central and Southern Europe","RBE",62.12836006,-6.980076984,5,6,"Denmark","DN1",1,2,"Dependency","Faroe Islands","FRO","Europe","Europe","Northern Europe","Europe & Central Asia","2. Developed region: nonG7","2. High income: nonOECD",50730,8,2001,2017,2011,234
"FSM","FSM","Micronesia (Federated States of)","Micronesia (Federated States of)",NA,"Federated States of Micronesia","Asia","Regional Bureau for Asia and the Pacific","Asia and the Pacific","East Asia and the Pacific","AUS RO ABC",6.878951902,158.2291904,5,6,"Federated States of Micronesia","FSM",0,2,"Sovereign country","Federated States of Micronesia","FSM","Oceania","Oceania","Micronesia","East Asia & Pacific","6. Developing region","4. Lower middle income",104196,9,314,2017,2000,583
"GAB","GAB","Gabon","Gabon",NA,"Gabon","WestAfrica","Regional Bureaufor West and Central Africa","Africa","Central Africa and the Great Lakes","COD RO ABC",-0.591383428,11.79874793,0,4,"Gabon","GAB",0,2,"Sovereign country","Gabon","GAB","Africa","Africa","Middle Africa","Sub-Saharan Africa","6. Developing region","3. Upper middle income",1772255,12,35980,2017,2003,266
"GBR","GBR","United Kingdom of Great Britain and Northern Ireland","United Kingdom",NA,"United Kingdom of Great Britain and Northern Ireland","Europe","Regional Bureau for Europe","Europe","Northern, Western, Central and Southern Europe","GBR ABC",52.27256589,-0.24655,0,2,"United Kingdom","GB1",1,2,"Country","United Kingdom","GBR","Europe","Europe","Northern Europe","Europe & Central Asia","1. Developed region: G7","1. High income: OECD",64769452,16,2788000,2017,2011,826
"GEO","GEO","Georgia","Georgia",NA,"Georgia","Europe","Regional Bureau for Europe","Europe","Eastern Europe","GEO RO ABC",42.05896057,43.356895,0,5,"Georgia","GEO",0,2,"Sovereign country","Georgia","GEO","Asia","Asia","Western Asia","Europe & Central Asia","6. Developing region","4. Lower middle income",4926330,12,37270,2017,2002,268
"GGY","GGY","Guernsey",NA,NA,NA,"Europe",NA,NA,NA,NA,49.45872291,-2.576387714,5,6,"United Kingdom","GB1",1,2,"Country","Guernsey","GGY","Europe","Europe","Northern Europe","Europe & Central Asia","2. Developed region: nonG7","2. High income: nonOECD",66502,8,3465,2017,2001,NA
"GHA","GHA","Ghana","Ghana",NA,"Ghana","WestAfrica","Regional Bureaufor West and Central Africa","Africa","West Africa","GHA ABC",7.970260785,-1.207218919,0,3,"Ghana","GHA",0,2,"Sovereign country","Ghana","GHA","Africa","Africa","Western Africa","Sub-Saharan Africa","6. Developing region","4. Lower middle income",27499924,15,120800,2017,2010,288
"GIB","GIB","Gibraltar","Gibraltar",NA,NA,"Europe",NA,NA,NA,NA,36.13821859,-5.344894559,0,5,"United Kingdom","GB1",1,2,"Dependency","Gibraltar","GIB","Europe","Europe","Southern Europe","Europe & Central Asia","2. Developed region: nonG7","1. High income: OECD",29396,7,2044,2017,-99,NA
"GIN","GUI","Guinea","Guinea",NA,"Guinea","WestAfrica","Regional Bureaufor West and Central Africa","Africa","West Africa","SEN RO ABC",11.04645941,-11.3671,0,3,"Guinea","GIN",0,2,"Sovereign country","Guinea","GIN","Africa","Africa","Western Africa","Sub-Saharan Africa","7. Least developed region","5. Low income",12413867,14,16080,2017,1996,324
"GLP","GLP","Guadeloupe","Guadeloupe",NA,"Guadeloupe (FRA)","Americas","Regional Bureau for the Americas","The Americas","North America and the Caribbean",NA,16.14155797,-61.6484725,NA,NA,NA,NA,NA,NA,NA,NA,NA,NA,NA,NA,NA,NA,NA,NA,NA,NA,NA,NA,312
"GMB","GAM","Gambia","Gambia",NA,"Gambia","WestAfrica","Regional Bureaufor West and Central Africa","Africa","West Africa","SEN RO ABC",13.28509531,-16.065905,0,6,"Gambia","GMB",0,2,"Sovereign country","Gambia","GMB","Africa","Africa","Western Africa","Sub-Saharan Africa","7. Least developed region","5. Low income",2051363,12,3387,2017,2003,270
"GNB","GNB","Guinea-Bissau","Guinea-Bissau",NA,"Guinea-Bissau","WestAfrica","Regional Bureaufor West and Central Africa","Africa","West Africa","SEN RO ABC",12.12477253,-14.41236,0,6,"Guinea-Bissau","GNB",0,2,"Sovereign country","Guinea-Bissau","GNB","Africa","Africa","Western Africa","Sub-Saharan Africa","7. Least developed region","5. Low income",1792338,12,2851,2017,2009,624
"GNQ","EGU","Equatorial Guinea","Equatorial Guinea",NA,"Equatorial Guinea","WestAfrica","Regional Bureaufor West and Central Africa","Africa","Central Africa and the Great Lakes","COD RO ABC",1.568115425,10.4760465,0,4,"Equatorial Guinea","GNQ",0,2,"Sovereign country","Equatorial Guinea","GNQ","Africa","Africa","Middle Africa","Sub-Saharan Africa","7. Least developed region","2. High income: nonOECD",778358,11,31770,2017,2002,226
"GRC","GRE","Greece","Greece",NA,"Greece","Europe","Regional Bureau for Europe","Europe","Northern, Western, Central and Southern Europe","GRC ABC",39.51522726,22.59850545,0,3,"Greece","GRC",0,2,"Sovereign country","Greece","GRC","Europe","Europe","Southern Europe","Europe & Central Asia","2. Developed region: nonG7","1. High income: OECD",10768477,14,290500,2017,2011,300
"GRD","GRN","Grenada","Grenada",NA,"Grenada","Americas","Regional Bureau for the Americas","The Americas","North America and the Caribbean","USA RO ABC",12.11294612,-61.67937659,3,6,"Grenada","GRD",0,2,"Sovereign country","Grenada","GRD","North America","Americas","Caribbean","Latin America & Caribbean","6. Developing region","3. Upper middle income",111724,9,1511,2017,2011,308
"GRL","GRL","Greenland",NA,NA,"Greenland (DNK)","Europe","Regional Bureau for Europe","Europe","Northern, Western, Central and Southern Europe","RBE",77.31457613,-41.22645455,0,3,"Denmark","DN1",1,2,"Country","Greenland","GRL","North America","Americas","Northern America","Europe & Central Asia","2. Developed region: nonG7","2. High income: nonOECD",57713,8,2173,2017,2010,304
"GTM","GUA","Guatemala","Guatemala",NA,"Guatemala","Americas","Regional Bureau for the Americas","The Americas","Latin America","PAN RO ABC",15.01038024,-91.2387675,0,3,"Guatemala","GTM",0,2,"Sovereign country","Guatemala","GTM","North America","Americas","Central America","Latin America & Caribbean","6. Developing region","4. Lower middle income",15460732,14,131800,2017,2002,320
"GUF","FGU","French Guiana","French Guiana",NA,"French Guiana (FRA)","Americas","Regional Bureau for the Americas","The Americas","North America and the Caribbean","RBAC",3.926120131,-53.24123752,NA,NA,NA,NA,NA,NA,NA,NA,NA,NA,NA,NA,NA,NA,NA,NA,NA,NA,NA,NA,254
"GUM","GUM","Guam","Guam",NA,NA,"Asia",NA,NA,NA,NA,13.35584275,144.71394,5,6,"United States of America","US1",1,2,"Dependency","Guam","GUM","Oceania","Oceania","Micronesia","East Asia & Pacific","6. Developing region","2. High income: nonOECD",167358,9,4882,2017,2010,NA
"GUY","GUY","Guyana","Guyana",NA,"Guyana","Americas","Regional Bureau for the Americas","The Americas","North America and the Caribbean","USA RO ABC",4.799295335,-58.97582638,0,4,"Guyana","GUY",0,2,"Sovereign country","Guyana","GUY","South America","Americas","South America","Latin America & Caribbean","6. Developing region","4. Lower middle income",737718,11,6093,2017,2002,328
"HKG","HKG","China, Hong Kong SAR","China, Hong Kong SAR",NA,"Hong Kong (CHN)","Asia","Regional Bureau for Asia and the Pacific","Asia and the Pacific","East Asia and the Pacific","CHN RO ABC",22.41488968,114.1440299,0,4,"China","CH1",1,2,"Country","Hong Kong S.A.R.","HKG","Asia","Asia","Eastern Asia","East Asia & Pacific","6. Developing region","2. High income: nonOECD",7191503,13,427400,2017,2006,344
"HND","HON","Honduras","Honduras",NA,"Honduras","Americas","Regional Bureau for the Americas","The Americas","Latin America","PAN RO ABC",14.81983397,-86.61817983,0,5,"Honduras","HND",0,2,"Sovereign country","Honduras","HND","North America","Americas","Central America","Latin America & Caribbean","6. Developing region","4. Lower middle income",9038741,13,43190,2017,2001,340
"HRV","HRV","Croatia","Croatia",NA,"Croatia","Europe","Regional Bureau for Europe","Europe","Northern, Western, Central and Southern Europe","HUN RO ABC",45.43500378,17.9449475,0,6,"Croatia","HRV",0,2,"Sovereign country","Croatia","HRV","Europe","Europe","Southern Europe","Europe & Central Asia","2. Developed region: nonG7","2. High income: nonOECD",4292095,12,94240,2017,2011,191
"HTI","HAI","Haiti","Haiti",NA,"Haiti","Americas","Regional Bureau for the Americas","The Americas","North America and the Caribbean","USA RO ABC",18.40224638,-72.3388325,0,5,"Haiti","HTI",0,2,"Sovereign country","Haiti","HTI","North America","Americas","Caribbean","Latin America & Caribbean","7. Least developed region","5. Low income",10646714,14,19340,2017,2003,332
"HUN","HUN","Hungary","Hungary",NA,"Hungary","Europe","Regional Bureau for Europe","Europe","Northern, Western, Central and Southern Europe","HUN RO ABC",47.17835346,19.42180077,0,5,"Hungary","HUN",0,2,"Sovereign country","Hungary","HUN","Europe","Europe","Eastern Europe","Europe & Central Asia","2. Developed region: nonG7","1. High income: OECD",9850845,13,267600,2017,2001,348
"IDN","INS","Indonesia","Indonesia",NA,"Indonesia","Asia","Regional Bureau for Asia and the Pacific","Asia and the Pacific","South East Asia","IDN ABC",-0.98669933,113.927255,5,2,"Indonesia","IDN",0,2,"Sovereign country","Indonesia","IDN","Asia","Asia","South-Eastern Asia","East Asia & Pacific","4. Emerging region: MIKT","4. Lower middle income",260580739,17,3028000,2017,2010,360
"IMY","IMN","Isle of Man",NA,NA,NA,"Europe",NA,NA,NA,NA,54.22935661,-4.525689884,6,6,"United Kingdom","GB1",1,2,"Country","Isle of Man","IMN",NA,NA,NA,NA,NA,NA,NA,NA,NA,NA,NA,NA
"IND","IND","India","India",NA,"India","Asia","Regional Bureau for Asia and the Pacific","Asia and the Pacific","South Asia","IND ABC",22.62430528,79.37062589,0,2,"India","IND",0,2,"Sovereign country","India","IND","Asia","Asia","Southern Asia","South Asia","3. Emerging region: BRIC","4. Lower middle income",1281935911,18,8721000,2017,2011,356
"IRL","IRE","Ireland","Ireland",NA,"Ireland","Europe","Regional Bureau for Europe","Europe","Northern, Western, Central and Southern Europe","BEL RO ABC",53.20073921,-8.141493678,0,3,"Ireland","IRL",0,2,"Sovereign country","Ireland","IRL","Europe","Europe","Northern Europe","Europe & Central Asia","2. Developed region: nonG7","1. High income: OECD",5011102,13,322000,2017,2011,372
"IRN","IRN","Iran (Islamic Rep. of)","Iran (Islamic Rep. of)",NA,"Islamic Republic of Iran","Asia","Regional Bureau for Asia and the Pacific","Asia and the Pacific","South-West Asia","IRN ABC",32.76632508,54.21741263,0,2,"Iran","IRN",0,2,"Sovereign country","Iran","IRN","Asia","Asia","Southern Asia","Middle East & North Africa","5. Emerging region: G20","3. Upper middle income",82021564,16,1459000,2017,2006,364
"IRQ","IRQ","Iraq","Iraq",NA,"Iraq","MENA","Regional Bureau for the Middle East and North Africa","Middle East and North Africa","Middle East","IRQ ABC",33.11810265,43.75752596,0,3,"Iraq","IRQ",0,2,"Sovereign country","Iraq","IRQ","Asia","Asia","Western Asia","Middle East & North Africa","6. Developing region","4. Lower middle income",39192111,15,596700,2017,1997,368
"ISL","ICE","Iceland","Iceland",NA,"Iceland","Europe","Regional Bureau for Europe","Europe","Northern, Western, Central and Southern Europe","SWE RO ABC",64.82722201,-19.01892,0,3,"Iceland","ISL",0,2,"Sovereign country","Iceland","ISL","Europe","Europe","Northern Europe","Europe & Central Asia","2. Developed region: nonG7","1. High income: OECD",339747,10,16150,2017,-99,352
"ISR","ISR","Israel","Israel",NA,"Israel","MENA","Regional Bureau for the Middle East and North Africa","Middle East and North Africa","Middle East","ISR ABC",31.07122186,34.6209625,0,4,"Israel","IS1",1,2,"Country","Israel","ISR","Asia","Asia","Western Asia","Middle East & North Africa","2. Developed region: nonG7","1. High income: OECD",8299706,13,297000,2017,2009,376
"ITA","ITA","Italy","Italy",NA,"Italy","Europe","Regional Bureau for Europe","Europe","Northern, Western, Central and Southern Europe","ITA RO ABC",42.80651095,12.569205,0,2,"Italy","ITA",0,2,"Sovereign country","Italy","ITA","Europe","Europe","Southern Europe","Europe & Central Asia","1. Developed region: G7","1. High income: OECD",62137802,16,2221000,2017,2012,380
"JAM","JAM","Jamaica","Jamaica",NA,"Jamaica","Americas","Regional Bureau for the Americas","The Americas","North America and the Caribbean","USA RO ABC",18.15168353,-77.31923011,1,4,"Jamaica","JAM",0,2,"Sovereign country","Jamaica","JAM","North America","Americas","Caribbean","Latin America & Caribbean","6. Developing region","3. Upper middle income",2990561,12,25390,2017,2011,388
"JEY","JEY","Jersey",NA,NA,NA,"Europe",NA,NA,NA,NA,49.22784853,-2.13118,5,6,"United Kingdom","GB1",1,2,"Country","Jersey","JEY","Europe","Europe","Northern Europe","Europe & Central Asia","2. Developed region: nonG7","2. High income: nonOECD",98840,8,5080,2017,2001,NA
"JOR","JOR","Jordan","Jordan",NA,"Jordan","MENA","Regional Bureau for the Middle East and North Africa","Middle East and North Africa","Middle East","JOR ABC",30.66077271,37.130765,0,4,"Jordan","JOR",0,2,"Sovereign country","Jordan","JOR","Asia","Asia","Western Asia","Middle East & North Africa","6. Developing region","3. Upper middle income",10248069,14,86190,2017,2004,400
"JPN","JPN","Japan","Japan",NA,"Japan","Asia","Regional Bureau for Asia and the Pacific","Asia and the Pacific","East Asia and the Pacific","JPN ABC",36.66282763,139.2722,5,2,"Japan","JPN",0,2,"Sovereign country","Japan","JPN","Asia","Asia","Eastern Asia","East Asia & Pacific","1. Developed region: G7","1. High income: OECD",126451398,17,4932000,2017,2010,392
"KAZ","KAZ","Kazakhstan","Kazakhstan",NA,"Kazakhstan","Asia","Regional Bureau for Asia and the Pacific","Asia and the Pacific","Central Asia","KAZ RO ABC",48.4399544,67.3337421,0,3,"Kazakhstan","KAZ",0,2,"Sovereign country","Kazakhstan","KAZ","Asia","Asia","Central Asia","Europe & Central Asia","6. Developing region","3. Upper middle income",18556698,14,460700,2017,2009,398
"KEN","KEN","Kenya","Kenya",NA,"Kenya","EastAfrica","Regional Bureau for the East and Horn of Africa, and Great Lakes","Africa","East and Horn of Africa","KEN ABC",0.531440624,37.85687331,0,2,"Kenya","KEN",0,2,"Sovereign country","Kenya","KEN","Africa","Africa","Eastern Africa","Sub-Saharan Africa","5. Emerging region: G20","5. Low income",47615739,15,152700,2017,2009,404
"KGZ","KGZ","Kyrgyzstan","Kyrgyzstan",NA,"Kyrgyzstan","Asia","Regional Bureau for Asia and the Pacific","Asia and the Pacific","Central Asia","KGZ ABC",41.48607125,74.57164588,0,4,"Kyrgyzstan","KGZ",0,2,"Sovereign country","Kyrgyzstan","KGZ","Asia","Asia","Central Asia","Europe & Central Asia","6. Developing region","5. Low income",5789122,13,21010,2017,2009,417
"KHM","CAM","Cambodia","Cambodia",NA,"Cambodia","Asia","Regional Bureau for Asia and the Pacific","Asia and the Pacific","South East Asia","THA RO ABC",12.72220898,104.9248198,0,3,"Cambodia","KHM",0,2,"Sovereign country","Cambodia","KHM","Asia","Asia","South-Eastern Asia","East Asia & Pacific","7. Least developed region","5. Low income",16204486,14,58940,2017,2008,116
"KIR","KIR","Kiribati","Kiribati",NA,"Kiribati","Asia","Regional Bureau for Asia and the Pacific","Asia and the Pacific","East Asia and the Pacific",NA,1.833254302,-157.37712,5,6,"Kiribati","KIR",0,2,"Sovereign country","Kiribati","KIR","Oceania","Oceania","Micronesia","East Asia & Pacific","7. Least developed region","4. Lower middle income",108145,9,211,2017,2005,296
"KNA","STK","Saint Kitts and Nevis","Saint Kitts and Nevis",NA,"Saint Kitts and Nevis","Americas","Regional Bureau for the Americas","The Americas","North America and the Caribbean","USA RO ABC",17.32620663,-62.75352986,3,6,"Saint Kitts and Nevis","KNA",0,2,"Sovereign country","Saint Kitts and Nevis","KNA","North America","Americas","Caribbean","Latin America & Caribbean","6. Developing region","2. High income: nonOECD",52715,8,1427,2017,2011,659
"KOR","KOR","Rep. of Korea","Rep. of Korea",NA,"Republic of Korea","Asia","Regional Bureau for Asia and the Pacific","Asia and the Pacific","East Asia and the Pacific","KOR ABC",36.46830349,127.8700933,0,2,"South Korea","KOR",0,2,"Sovereign country","South Korea","KOR","Asia","Asia","Eastern Asia","East Asia & Pacific","4. Emerging region: MIKT","1. High income: OECD",51181299,16,1929000,2017,2010,410
"KOS","KOS","Kosovo",NA,NA,NA,"Europe",NA,NA,NA,NA,42.582074,20.885876,0,6,"Kosovo","KOS",0,2,"Sovereign country","Kosovo","KOS",NA,NA,NA,NA,NA,NA,NA,NA,NA,NA,NA,NA
"KWT","KUW","Kuwait","Kuwait",NA,"Kuwait","MENA","Regional Bureau for the Middle East and North Africa","Middle East and North Africa","Middle East","SAU ABC",29.52245536,47.48176,0,6,"Kuwait","KWT",0,2,"Sovereign country","Kuwait","KWT","Asia","Asia","Western Asia","Middle East & North Africa","6. Developing region","2. High income: nonOECD",2875422,12,301100,2017,2010,414
"LAO","LAO","Lao People's Dem. Rep.","Lao People's Dem. Rep.",NA,"Lao People's Democratic Republic","Asia","Regional Bureau for Asia and the Pacific","Asia and the Pacific","South East Asia","THA RO ABC",20.29947206,101.9923325,0,4,"Laos","LAO",0,2,"Sovereign country","Laos","LAO","Asia","Asia","South-Eastern Asia","East Asia & Pacific","7. Least developed region","4. Lower middle income",7126706,13,40960,2017,2005,418
"LBN","LEB","Lebanon","Lebanon",NA,"Lebanon","MENA","Regional Bureau for the Middle East and North Africa","Middle East and North Africa","Middle East","LBN ABC",33.92318442,35.88925194,0,5,"Lebanon","LBN",0,2,"Sovereign country","Lebanon","LBN","Asia","Asia","Western Asia","Middle East & North Africa","6. Developing region","3. Upper middle income",6229794,13,85160,2017,1970,422
"LBR","LBR","Liberia","Liberia",NA,"Liberia","WestAfrica","Regional Bureaufor West and Central Africa","Africa","West Africa","LBR ABC",6.450757461,-9.309038226,0,4,"Liberia","LBR",0,2,"Sovereign country","Liberia","LBR","Africa","Africa","Western Africa","Sub-Saharan Africa","7. Least developed region","5. Low income",4689021,12,3881,2017,2008,430
"LBY","LBY","Libya","Libya",NA,"Libya","MENA","Regional Bureau for the Middle East and North Africa","Middle East and North Africa","North Africa","LBY ABC",27.16812836,17.99577177,0,3,"Libya","LBY",0,2,"Sovereign country","Libya","LBY","Africa","Africa","Northern Africa","Middle East & North Africa","6. Developing region","3. Upper middle income",6653210,13,90890,2017,2006,434
"LCA","LCA","Saint Lucia","Saint Lucia",NA,"Saint Lucia","Americas","Regional Bureau for the Americas","The Americas","North America and the Caribbean","USA RO ABC",13.89792175,-60.96870664,3,6,"Saint Lucia","LCA",0,2,"Sovereign country","Saint Lucia","LCA","North America","Americas","Caribbean","Latin America & Caribbean","6. Developing region","3. Upper middle income",164994,9,2083,2017,2010,662
"LIE","LIE","Liechtenstein","Liechtenstein",NA,"Liechtenstein","Europe","Regional Bureau for Europe","Europe","Northern, Western, Central and Southern Europe","BEL RO ABC",47.151928,9.554260465,0,6,"Liechtenstein","LIE",0,2,"Sovereign country","Liechtenstein","LIE","Europe","Europe","Western Europe","Europe & Central Asia","2. Developed region: nonG7","2. High income: nonOECD",38244,7,4978,2017,2010,438
"LKA","LKA","Sri Lanka","Sri Lanka",NA,"Sri Lanka","Asia","Regional Bureau for Asia and the Pacific","Asia and the Pacific","South Asia","LKA ABC",7.608058576,80.70628883,0,3,"Sri Lanka","LKA",0,2,"Sovereign country","Sri Lanka","LKA","Asia","Asia","Southern Asia","South Asia","6. Developing region","4. Lower middle income",22409381,15,236700,2017,2001,144
"LSO","LES","Lesotho","Lesotho",NA,"Lesotho","SouthAfrica","Regional Bureau for Southern Africa","Africa","Southern Africa","ZAF RO ABC",-29.5841454,28.24214264,0,6,"Lesotho","LSO",0,2,"Sovereign country","Lesotho","LSO","Africa","Africa","Southern Africa","Sub-Saharan Africa","7. Least developed region","4. Lower middle income",1958042,12,6019,2017,2006,426
"LTU","LTU","Lithuania","Lithuania",NA,"Lithuania","Europe","Regional Bureau for Europe","Europe","Northern, Western, Central and Southern Europe","SWE RO ABC",55.34957701,23.89868122,0,5,"Lithuania","LTU",0,2,"Sovereign country","Lithuania","LTU","Europe","Europe","Northern Europe","Europe & Central Asia","2. Developed region: nonG7","3. Upper middle income",2823859,12,85620,2017,2011,440
"LUX","LUX","Luxembourg","Luxembourg",NA,"Luxembourg","Europe","Regional Bureau for Europe","Europe","Northern, Western, Central and Southern Europe","BEL RO ABC",49.77155831,6.08764008,0,6,"Luxembourg","LUX",0,2,"Sovereign country","Luxembourg","LUX","Europe","Europe","Western Europe","Europe & Central Asia","2. Developed region: nonG7","1. High income: OECD",594130,11,58740,2017,2011,442
"LVA","LVA","Latvia","Latvia",NA,"Latvia","Europe","Regional Bureau for Europe","Europe","Northern, Western, Central and Southern Europe","SWE RO ABC",56.64527631,26.41913,0,5,"Latvia","LVA",0,2,"Sovereign country","Latvia","LVA","Europe","Europe","Northern Europe","Europe & Central Asia","2. Developed region: nonG7","3. Upper middle income",1944643,12,50650,2017,2011,428
"MAC","MAC","China, Macao SAR","China, Macao SAR",NA,"Macao (CHN)","Asia","Regional Bureau for Asia and the Pacific","Asia and the Pacific","East Asia and the Pacific","CHN RO ABC",22.1995475,113.5445777,0,4,"China","CH1",1,2,"Country","Macao S.A.R","MAC","Asia","Asia","Eastern Asia","East Asia & Pacific","6. Developing region","2. High income: nonOECD",601969,11,63220,2017,2011,446
"MAF","MAF","Saint-Martin (French part)",NA,NA,"Saint Martin (FRA)","Americas","Regional Bureau for the Americas","The Americas","North America and the Caribbean","RBAC",18.08375315,-63.06694048,3,6,"France","FR1",1,2,"Dependency","Saint Martin","MAF","North America","Americas","Caribbean","Latin America & Caribbean","6. Developing region","2. High income: nonOECD",32125,7,561.5,2017,-99,663
"MAR","MOR","Morocco","Morocco",NA,"Morocco","MENA","Regional Bureau for the Middle East and North Africa","Middle East and North Africa","North Africa","MAR ABC",31.94700306,-6.279680805,0,3,"Morocco","MAR",0,2,"Sovereign country","Morocco","MAR","Africa","Africa","Northern Africa","Middle East & North Africa","6. Developing region","4. Lower middle income",33986655,15,282800,2017,2004,504
"MCO","MCO","Monaco","Monaco",NA,"Monaco","Europe","Regional Bureau for Europe","Europe","Northern, Western, Central and Southern Europe","FRA ABC",43.74798506,7.412822648,0,6,"Monaco","MCO",0,2,"Sovereign country","Monaco","MCO","Europe","Europe","Western Europe","Europe & Central Asia","2. Developed region: nonG7","2. High income: nonOECD",30645,7,7672,2017,2008,492
"MDA","MDA","Rep. of Moldova","Rep. of Moldova",NA,"Republic of Moldova","Europe","Regional Bureau for Europe","Europe","Northern, Western, Central and Southern Europe","HUN RO ABC",47.20820225,28.46958895,0,6,"Moldova","MDA",0,2,"Sovereign country","Moldova","MDA","Europe","Europe","Eastern Europe","Europe & Central Asia","6. Developing region","4. Lower middle income",3474121,12,18540,2017,2004,498
"MDG","MAD","Madagascar","Madagascar",NA,"Madagascar","SouthAfrica","Regional Bureau for Southern Africa","Africa","Southern Africa","ZAF RO ABC",-19.47289151,46.68498234,0,3,"Madagascar","MDG",0,2,"Sovereign country","Madagascar","MDG","Africa","Africa","Eastern Africa","Sub-Saharan Africa","7. Least developed region","5. Low income",25054161,15,36860,2017,1993,450
"MDV","MDV","Maldives","Maldives",NA,"Maldives","Asia","Regional Bureau for Asia and the Pacific","Asia and the Pacific","South East Asia","THA RO ABC",-0.615324256,73.10231,6,5,"Maldives","MDV",0,2,"Sovereign country","Maldives","MDV","Seven seas (open ocean)","Asia","Southern Asia","South Asia","6. Developing region","3. Upper middle income",392709,10,5407,2017,2011,462
"MEX","MEX","Mexico","Mexico",NA,"Mexico","Americas","Regional Bureau for the Americas","The Americas","Latin America","MEX ABC",24.18661324,-102.6920954,0,2,"Mexico","MEX",0,2,"Sovereign country","Mexico","MEX","North America","Americas","Central America","Latin America & Caribbean","4. Emerging region: MIKT","3. Upper middle income",124574795,17,2307000,2017,2010,484
"MHL","MHL","Marshall Islands","Marshall Islands",NA,"Marshall Islands","Asia","Regional Bureau for Asia and the Pacific","Asia and the Pacific","East Asia and the Pacific",NA,7.307935245,168.7201425,6,6,"Marshall Islands","MHL",0,2,"Sovereign country","Marshall Islands","MHL","Oceania","Oceania","Micronesia","East Asia & Pacific","6. Developing region","4. Lower middle income",74539,8,180,2017,2011,584
"MKD","MCD","The former Yugoslav Rep. of Macedonia","The former Yugoslav Republic of Macedonia",NA,"North Macedonia","Europe","Regional Bureau for Europe","Europe","South-Eastern Europe","BIH RO ABC",41.60261503,21.69818855,0,6,"Macedonia","MKD",0,2,"Sovereign country","Macedonia","MKD","Europe","Europe","Southern Europe","Europe & Central Asia","6. Developing region","3. Upper middle income",2103721,12,29520,2017,2010,807
"MLI","MLI","Mali","Mali",NA,"Mali","WestAfrica","Regional Bureaufor West and Central Africa","Africa","West Africa","MLI ABC",17.44941963,-3.501298766,0,3,"Mali","MLI",0,2,"Sovereign country","Mali","MLI","Africa","Africa","Western Africa","Sub-Saharan Africa","7. Least developed region","5. Low income",17885245,14,38090,2017,2009,466
"MLT","MTA","Malta","Malta",NA,"Malta","Europe","Regional Bureau for Europe","Europe","Northern, Western, Central and Southern Europe","ITA RO ABC",35.89056144,14.44190357,5,5,"Malta","MLT",0,2,"Sovereign country","Malta","MLT","Europe","Europe","Southern Europe","Middle East & North Africa","2. Developed region: nonG7","2. High income: nonOECD",416338,10,16320,2017,2005,470
"MMR","MYA","Myanmar","Myanmar",NA,"Myanmar","Asia","Regional Bureau for Asia and the Pacific","Asia and the Pacific","South East Asia","MMR ABC",21.32186612,96.51128458,0,3,"Myanmar","MMR",0,2,"Sovereign country","Myanmar","MMR","Asia","Asia","South-Eastern Asia","East Asia & Pacific","7. Least developed region","5. Low income",55123814,16,311100,2017,1983,104
"MNE","MNE","Montenegro","Montenegro",NA,"Montenegro","Europe","Regional Bureau for Europe","Europe","South-Eastern Europe","BIH RO ABC",42.7943052,19.25045959,0,6,"Montenegro","MNE",0,2,"Sovereign country","Montenegro","MNE","Europe","Europe","Southern Europe","Europe & Central Asia","6. Developing region","3. Upper middle income",642550,11,10610,2017,2011,499
"MNG","MNG","Mongolia","Mongolia",NA,"Mongolia","Asia","Regional Bureau for Asia and the Pacific","Asia and the Pacific","South East Asia","THA RO ABC",46.97174578,103.0450709,0,3,"Mongolia","MNG",0,2,"Sovereign country","Mongolia","MNG","Asia","Asia","Eastern Asia","East Asia & Pacific","6. Developing region","4. Lower middle income",3068243,12,37000,2017,2010,496
"MNP","MNP","Northern Mariana Islands",NA,NA,"Northern Mariana Islands (USA)","Asia","Regional Bureau for Asia and the Pacific","Asia and the Pacific","East Asia and the Pacific",NA,15.17951757,145.7352263,5,6,"United States of America","US1",1,2,"Dependency","Northern Mariana Islands","MNP","Oceania","Oceania","Micronesia","East Asia & Pacific","6. Developing region","2. High income: nonOECD",52263,8,682,2017,2010,580
"MOZ","MOZ","Mozambique","Mozambique",NA,"Mozambique","SouthAfrica","Regional Bureau for Southern Africa","Africa","Southern Africa","MOZ ABC",-14.30239003,38.1878375,0,3,"Mozambique","MOZ",0,2,"Sovereign country","Mozambique","MOZ","Africa","Africa","Eastern Africa","Sub-Saharan Africa","7. Least developed region","5. Low income",26573706,15,35010,2017,2007,508
"MRT","MAU","Mauritania","Mauritania",NA,"Mauritania","MENA","Regional Bureau for the Middle East and North Africa","Middle East and North Africa","North Africa","MRT ABC",20.34767222,-10.31933209,0,3,"Mauritania","MRT",0,2,"Sovereign country","Mauritania","MRT","Africa","Africa","Western Africa","Sub-Saharan Africa","7. Least developed region","5. Low income",3758571,12,16710,2017,2000,478
"MSR","MSR","Montserrat","Montserrat",NA,"Montserrat","Americas","Regional Bureau for the Americas","The Americas","North America and the Caribbean","USA RO ABC",16.73537644,-62.18693671,3,6,"United Kingdom","GB1",1,2,"Dependency","Montserrat","MSR","North America","Americas","Caribbean","Latin America & Caribbean","6. Developing region","4. Lower middle income",5292,5,43.8,2017,-99,500
"MTQ","MAR","Martinique","Martinique",NA,"Martinique (FRA)","Americas","Regional Bureau for the Americas","The Americas","North America and the Caribbean",NA,14.65264182,-61.02132175,NA,NA,NA,NA,NA,NA,NA,NA,NA,NA,NA,NA,NA,NA,NA,NA,NA,NA,NA,NA,474
"MUS","MTS","Mauritius","Mauritius",NA,"Mauritius","SouthAfrica","Regional Bureau for Southern Africa","Africa","Southern Africa","ZAF RO ABC",-20.28159838,57.56413053,3,5,"Mauritius","MUS",0,2,"Sovereign country","Mauritius","MUS","Seven seas (open ocean)","Africa","Eastern Africa","Sub-Saharan Africa","6. Developing region","3. Upper middle income",1356388,12,25850,2017,2011,480
"MWI","MLW","Malawi","Malawi",NA,"Malawi","SouthAfrica","Regional Bureau for Southern Africa","Africa","Southern Africa","MWI ABC",-13.39431602,33.491645,0,6,"Malawi","MWI",0,2,"Sovereign country","Malawi","MWI","Africa","Africa","Eastern Africa","Sub-Saharan Africa","7. Least developed region","5. Low income",19196246,14,21200,2017,2008,454
"MYS","MLS","Malaysia","Malaysia",NA,"Malaysia","Asia","Regional Bureau for Asia and the Pacific","Asia and the Pacific","South East Asia","MYS ABC",2.878727097,114.41158,5,3,"Malaysia","MYS",0,2,"Sovereign country","Malaysia","MYS","Asia","Asia","South-Eastern Asia","East Asia & Pacific","6. Developing region","3. Upper middle income",31381992,15,863000,2017,2010,458
"MYT","MYP","Mayotte",NA,NA,NA,"SouthAfrica",NA,NA,NA,NA,-12.81984055,45.13516165,NA,NA,NA,NA,NA,NA,NA,NA,NA,NA,NA,NA,NA,NA,NA,NA,NA,NA,NA,NA,NA
"NAM","NAM","Namibia","Namibia",NA,"Namibia","SouthAfrica","Regional Bureau for Southern Africa","Africa","Southern Africa","ZAF RO ABC",-22.2482997,17.2256359,0,3,"Namibia","NAM",0,2,"Sovereign country","Namibia","NAM","Africa","Africa","Southern Africa","Sub-Saharan Africa","6. Developing region","3. Upper middle income",2484780,12,25990,2017,2001,516
"NCL","FNC","New Caledonia","New Caledonia",NA,"French New Caledonia (FRA)","Asia","Regional Bureau for Asia and the Pacific","Asia and the Pacific","East Asia and the Pacific","RBAP",-21.40548642,165.505395,6,3,"France","FR1",1,2,"Dependency","New Caledonia","NCL","Oceania","Oceania","Melanesia","East Asia & Pacific","6. Developing region","2. High income: nonOECD",279070,10,10770,2017,2009,540
"NER","NGR","Niger","Niger",NA,"Niger","WestAfrica","Regional Bureaufor West and Central Africa","Africa","West Africa","NER ABC",17.48850584,9.425226473,0,3,"Niger","NER",0,2,"Sovereign country","Niger","NER","Africa","Africa","Western Africa","Sub-Saharan Africa","7. Least developed region","5. Low income",19245344,14,20150,2017,2001,562
"NFK","NFK","Norfolk Island","Norfolk Island",NA,NA,"Americas",NA,NA,NA,NA,-29.03766301,167.9525981,6,5,"Australia","AU1",1,2,"Dependency","Norfolk Island","NFK","Oceania","Oceania","Australia and New Zealand","East Asia & Pacific","6. Developing region","4. Lower middle income",2210,4,33.15,2014,-99,NA
"NGA","NIG","Nigeria","Nigeria",NA,"Nigeria","WestAfrica","Regional Bureaufor West and Central Africa","Africa","West Africa","NGA ABC",9.617983559,8.110312577,0,2,"Nigeria","NGA",0,2,"Sovereign country","Nigeria","NGA","Africa","Africa","Western Africa","Sub-Saharan Africa","5. Emerging region: G20","4. Lower middle income",190632261,17,1089000,2017,2006,566
"NIC","NIC","Nicaragua","Nicaragua",NA,"Nicaragua","Americas","Regional Bureau for the Americas","The Americas","Latin America","PAN RO ABC",12.84573444,-85.03407398,0,5,"Nicaragua","NIC",0,2,"Sovereign country","Nicaragua","NIC","North America","Americas","Central America","Latin America & Caribbean","6. Developing region","4. Lower middle income",6025951,13,33550,2017,2005,558
"NIU","NIU","Niue","Niue",NA,"Niue","Asia","Regional Bureau for Asia and the Pacific","Asia and the Pacific","East Asia and the Pacific",NA,-19.05232766,-169.8687838,5,4,"New Zealand","NZ1",1,2,"Dependency","Niue","NIU","Oceania","Oceania","Polynesia","East Asia & Pacific","6. Developing region","3. Upper middle income",1626,3,10,2015,-99,570
"NLD","NET","Netherlands","Netherlands",NA,"Netherlands","Europe","Regional Bureau for Europe","Europe","Northern, Western, Central and Southern Europe","BEL RO ABC",51.77281786,5.327605,0,5,"Netherlands","NL1",1,2,"Country","Netherlands","NLD","Europe","Europe","Western Europe","Europe & Central Asia","2. Developed region: nonG7","1. High income: OECD",17084719,14,870800,2017,2011,528
"NOR","NOR","Norway","Norway",NA,"Norway","Europe","Regional Bureau for Europe","Europe","Northern, Western, Central and Southern Europe","SWE RO ABC",61.54524933,11.4667175,0,3,"Norway","NOR",0,2,"Sovereign country","Norway","NOR",NA,NA,NA,NA,NA,NA,NA,NA,NA,NA,NA,578
"NPL","NEP","Nepal","Nepal",NA,"Nepal","Asia","Regional Bureau for Asia and the Pacific","Asia and the Pacific","South Asia","NPL ABC",28.26547331,83.92298736,0,3,"Nepal","NPL",0,2,"Sovereign country","Nepal","NPL","Asia","Asia","Southern Asia","South Asia","7. Least developed region","5. Low income",29384297,15,71520,2017,2001,524
"NRU","NRU","Nauru","Nauru",NA,"Nauru","Asia","Regional Bureau for Asia and the Pacific","Asia and the Pacific","East Asia and the Pacific","AUS RO ABC",-0.528742392,166.9231297,5,6,"Nauru","NRU",0,2,"Sovereign country","Nauru","NRU","Oceania","Oceania","Micronesia","East Asia & Pacific","6. Developing region","4. Lower middle income",9642,5,150.8,2017,-99,520
"NZL","NZL","New Zealand","New Zealand",NA,"New Zealand","Asia","Regional Bureau for Asia and the Pacific","Asia and the Pacific","East Asia and the Pacific","AUS RO ABC",-44.04792218,170.4721715,6,2,"New Zealand","NZ1",1,2,"Country","New Zealand","NZL","Oceania","Oceania","Australia and New Zealand","East Asia & Pacific","2. Developed region: nonG7","1. High income: OECD",4510327,12,174800,2017,2006,554
"OMN","OMN","Oman","Oman",NA,"Oman","MENA","Regional Bureau for the Middle East and North Africa","Middle East and North Africa","Middle East","SAU ABC",22.01903205,57.8851325,0,4,"Oman","OMN",0,2,"Sovereign country","Oman","OMN","Asia","Asia","Western Asia","Middle East & North Africa","6. Developing region","2. High income: nonOECD",3424386,12,173100,2017,2010,512
"PAK","PAK","Pakistan","Pakistan",NA,"Pakistan","Asia","Regional Bureau for Asia and the Pacific","Asia and the Pacific","South-West Asia","PAK ABC",29.48608163,68.84938606,0,2,"Pakistan","PAK",0,2,"Sovereign country","Pakistan","PAK","Asia","Asia","Southern Asia","South Asia","5. Emerging region: G20","4. Lower middle income",204924861,17,988200,2017,1998,586
"PAN","PAN","Panama","Panama",NA,"Panama","Americas","Regional Bureau for the Americas","The Americas","Latin America","PAN RO ABC",8.299829007,-81.5723,0,4,"Panama","PAN",0,2,"Sovereign country","Panama","PAN","North America","Americas","Central America","Latin America & Caribbean","6. Developing region","3. Upper middle income",3753142,12,93120,2017,2010,591
"PCN","PCN","Pitcairn",NA,NA,NA,NA,NA,NA,NA,NA,-24.36612905,-128.3149819,6,4,"United Kingdom","GB1",1,2,"Dependency","Pitcairn Islands","PCN","Oceania","Oceania","Polynesia","East Asia & Pacific","7. Least developed region","5. Low income",54,1,0,2016,-99,NA
"PER","PER","Peru","Peru",NA,"Peru","Americas","Regional Bureau for the Americas","The Americas","Latin America","PER ABC",-13.61888342,-71.8442125,0,2,"Peru","PER",0,2,"Sovereign country","Peru","PER","South America","Americas","South America","Latin America & Caribbean","5. Emerging region: G20","3. Upper middle income",31036656,15,410400,2017,2007,604
"PHL","PHI","Philippines","Philippines",NA,"Philippines","Asia","Regional Bureau for Asia and the Pacific","Asia and the Pacific","South East Asia","PHL ABC",14.16161963,120.8636725,6,2,"Philippines","PHL",0,2,"Sovereign country","Philippines","PHL","Asia","Asia","South-Eastern Asia","East Asia & Pacific","5. Emerging region: G20","4. Lower middle income",104256076,17,801900,2017,2010,608
"PLW","PLW","Palau","Palau",NA,"Palau","Asia","Regional Bureau for Asia and the Pacific","Asia and the Pacific","East Asia and the Pacific","AUS RO ABC",7.515097978,134.5752462,6,6,"Palau","PLW",0,2,"Sovereign country","Palau","PLW","Oceania","Oceania","Micronesia","East Asia & Pacific","6. Developing region","3. Upper middle income",21431,7,276,2017,2010,585
"PNG","PNG","Papua New Guinea","Papua New Guinea",NA,"Papua New Guinea","Asia","Regional Bureau for Asia and the Pacific","Asia and the Pacific","East Asia and the Pacific","AUS RO ABC",-6.629601223,144.2721818,0,2,"Papua New Guinea","PNG",0,2,"Sovereign country","Papua New Guinea","PNG","Oceania","Oceania","Melanesia","East Asia & Pacific","6. Developing region","4. Lower middle income",6909701,13,28020,2017,2000,598
"POL","POL","Poland","Poland",NA,"Poland","Europe","Regional Bureau for Europe","Europe","Northern, Western, Central and Southern Europe","HUN RO ABC",52.1873264,19.38647048,0,3,"Poland","POL",0,2,"Sovereign country","Poland","POL","Europe","Europe","Eastern Europe","Europe & Central Asia","2. Developed region: nonG7","1. High income: OECD",38476269,15,1052000,2017,2011,616
"PRI","PUE","Puerto Rico","Puerto Rico",NA,"Puerto Rico (USA)","Americas","Regional Bureau for the Americas","The Americas","North America and the Caribbean","RBAC",18.22329994,-66.48100069,6,5,"United States of America","US1",1,2,"Dependency","Puerto Rico","PRI","North America","Americas","Caribbean","Latin America & Caribbean","6. Developing region","2. High income: nonOECD",3351827,12,131000,2017,2010,630
"PRK","KRN","Dem. People's Rep. of Korea","Dem. People's Rep. of Korea",NA,"Democratic People's Rep. of Korea","Asia","Regional Bureau for Asia and the Pacific","Asia and the Pacific","South East Asia","THA RO ABC",40.17588693,127.1988401,0,3,"North Korea","PRK",0,2,"Sovereign country","North Korea","PRK","Asia","Asia","Eastern Asia","East Asia & Pacific","7. Least developed region","5. Low income",25248140,15,40000,2013,2009,408
"PRT","POR","Portugal","Portugal",NA,"Portugal","Europe","Regional Bureau for Europe","Europe","Northern, Western, Central and Southern Europe","ITA RO ABC",39.73307262,-7.958542973,0,2,"Portugal","PRT",0,2,"Sovereign country","Portugal","PRT","Europe","Europe","Southern Europe","Europe & Central Asia","2. Developed region: nonG7","1. High income: OECD",10839514,14,297100,2017,2011,620
"PRY","PAR","Paraguay","Paraguay",NA,"Paraguay","Americas","Regional Bureau for the Americas","The Americas","Latin America","ARG RO ABC",-23.28507214,-58.36935304,0,4,"Paraguay","PRY",0,2,"Sovereign country","Paraguay","PRY","South America","Americas","South America","Latin America & Caribbean","5. Emerging region: G20","4. Lower middle income",6943739,13,64670,2017,2002,600
"PSE","GAZ","State of Palestine","State of Palestine","Palestinian","State of Palestine","MENA","Regional Bureau for the Middle East and North Africa","Middle East and North Africa","Middle East","ISR ABC",31.94822381,35.25653742,0,5,"Israel","IS1",1,2,"Disputed","Palestine","PSX","Asia","Asia","Western Asia","Middle East & North Africa","6. Developing region","4. Lower middle income",4543126,12,21220.77,2017,2007,275
"PYF","FPO","French Polynesia","French Polynesia",NA,"French Polynesia (FRA)","Asia","Regional Bureau for Asia and the Pacific","Asia and the Pacific","East Asia and the Pacific",NA,-17.66656435,-149.4176361,6,4,"France","FR1",1,2,"Dependency","French Polynesia","PYF","Oceania","Oceania","Polynesia","East Asia & Pacific","6. Developing region","2. High income: nonOECD",287881,10,5490,2017,2007,258
"QAT","QAT","Qatar","Qatar",NA,"Qatar","MENA","Regional Bureau for the Middle East and North Africa","Middle East and North Africa","Middle East","SAU ABC",25.29995728,51.18815616,0,5,"Qatar","QAT",0,2,"Sovereign country","Qatar","QAT","Asia","Asia","Western Asia","Middle East & North Africa","6. Developing region","2. High income: nonOECD",2314307,12,334500,2017,2010,634
"REU","REU","Reunion",NA,NA,"Reunion (FRA)","SouthAfrica","Regional Bureau for Southern Africa","Africa","Southern Africa",NA,-21.12182951,55.53822378,NA,NA,NA,NA,NA,NA,NA,NA,NA,NA,NA,NA,NA,NA,NA,NA,NA,NA,NA,NA,638
"ROU","ROM","Romania","Romania",NA,"Romania","Europe","Regional Bureau for Europe","Europe","Northern, Western, Central and Southern Europe","HUN RO ABC",45.87787255,24.96448014,0,3,"Romania","ROU",0,2,"Sovereign country","Romania","ROU","Europe","Europe","Eastern Europe","Europe & Central Asia","2. Developed region: nonG7","3. Upper middle income",21529967,15,441000,2017,2011,642
"RUS","RUS","Russian Federation","Russian Federation",NA,"Russian Federation","Europe","Regional Bureau for Europe","Europe","Eastern Europe","RUS ABC",64.01244826,100.8240731,0,2,"Russia","RUS",0,2,"Sovereign country","Russia","RUS","Europe","Europe","Eastern Europe","Europe & Central Asia","3. Emerging region: BRIC","3. Upper middle income",142257519,17,3745000,2017,2010,643
"RWA","RWA","Rwanda","Rwanda",NA,"Rwanda","EastAfrica","Regional Bureau for the East and Horn of Africa, and Great Lakes","Africa","Central Africa and the Great Lakes","RWA ABC",-1.998028304,29.91760422,0,3,"Rwanda","RWA",0,2,"Sovereign country","Rwanda","RWA","Africa","Africa","Eastern Africa","Sub-Saharan Africa","7. Least developed region","5. Low income",11901484,14,21970,2017,2002,646
"SAU","SAU","Saudi Arabia","Saudi Arabia",NA,"Saudi Arabia","MENA","Regional Bureau for the Middle East and North Africa","Middle East and North Africa","Middle East","SAU ABC",24.28192918,44.4810819,0,2,"Saudi Arabia","SAU",0,2,"Sovereign country","Saudi Arabia","SAU","Asia","Asia","Western Asia","Middle East & North Africa","2. Developed region: nonG7","2. High income: nonOECD",28571770,15,1731000,2017,2010,682
"SDN","SUD","Sudan","Sudan",NA,"Sudan","EastAfrica","Regional Bureau for the East and Horn of Africa, and Great Lakes","Africa","East and Horn of Africa","SDN ABC",16.10796094,29.97488611,0,3,"Sudan","SDN",0,2,"Sovereign country","Sudan","SDN","Africa","Africa","Northern Africa","Sub-Saharan Africa","6. Developing region","4. Lower middle income",37345935,15,176300,2017,2008,729
"SEN","SEN","Senegal","Senegal",NA,"Senegal","WestAfrica","Regional Bureaufor West and Central Africa","Africa","West Africa","SEN RO ABC",14.37535123,-14.46972267,0,3,"Senegal","SEN",0,2,"Sovereign country","Senegal","SEN","Africa","Africa","Western Africa","Sub-Saharan Africa","7. Least developed region","4. Lower middle income",14668522,14,39720,2017,2002,686
"SGP","SIN","Singapore","Singapore",NA,"Singapore","Asia","Regional Bureau for Asia and the Pacific","Asia and the Pacific","South East Asia","THA RO ABC",1.35161603,103.8080509,3,6,"Singapore","SGP",0,2,"Sovereign country","Singapore","SGP","Asia","Asia","South-Eastern Asia","East Asia & Pacific","6. Developing region","2. High income: nonOECD",5888926,13,487900,2017,2010,702
"SGS","SGS","South Georgia and the South Sandwich Islands",NA,NA,"South Georgia and the South Sandwich Islands (GBR)","Americas","Regional Bureau for the Americas","The Americas","North America and the Caribbean","RBAC",-54.2071835,-36.908855,6,4,"United Kingdom","GB1",1,2,"Dependency","South Georgia and the Islands","SGS","Seven seas (open ocean)","Seven seas (open ocean)","Seven seas (open ocean)","Antarctica","7. Least developed region","5. Low income",30,1,0.3,2017,-99,239
"SHN","SHN","Saint Helena",NA,NA,NA,NA,NA,NA,NA,NA,-15.958036,-5.712564,6,6,"United Kingdom","GB1",1,2,"Dependency","Saint Helena","SHN","Seven seas (open ocean)","Africa","Western Africa","Sub-Saharan Africa","6. Developing region","4. Lower middle income",7828,5,31.1,2017,-99,NA
"SJM","SJM","Svalbard and Jan Mayen","Svalbard and Jan Mayen",NA,"Svalbard and Jan Mayen Islands (NOR)","Europe","Regional Bureau for Europe","Europe","Northern, Western, Central and Southern Europe","RBE",78.84271029,13.3969075,NA,NA,NA,NA,NA,NA,NA,NA,NA,NA,NA,NA,NA,NA,NA,NA,NA,NA,NA,NA,744
"SLB","SOL","Solomon Islands","Solomon Islands",NA,"Solomon Islands","Asia","Regional Bureau for Asia and the Pacific","Asia and the Pacific","East Asia and the Pacific","AUS RO ABC",-9.623985968,160.1699968,5,3,"Solomon Islands","SLB",0,2,"Sovereign country","Solomon Islands","SLB","Oceania","Oceania","Melanesia","East Asia & Pacific","7. Least developed region","4. Lower middle income",647581,11,1198,2017,2009,90
"SLE","SLE","Sierra Leone","Sierra Leone",NA,"Sierra Leone","WestAfrica","Regional Bureaufor West and Central Africa","Africa","West Africa","SEN RO ABC",8.571195641,-11.78420059,0,4,"Sierra Leone","SLE",0,2,"Sovereign country","Sierra Leone","SLE","Africa","Africa","Western Africa","Sub-Saharan Africa","7. Least developed region","5. Low income",6163195,13,10640,2017,2004,694
"SLV","SAL","El Salvador","El Salvador",NA,"El Salvador","Americas","Regional Bureau for the Americas","The Americas","Latin America","PAN RO ABC",13.73739607,-88.86685743,0,6,"El Salvador","SLV",0,2,"Sovereign country","El Salvador","SLV","North America","Americas","Central America","Latin America & Caribbean","6. Developing region","4. Lower middle income",6172011,13,54790,2017,2007,222
"SMR","SMA","San Marino","San Marino",NA,"San Marino","Europe","Regional Bureau for Europe","Europe","Northern, Western, Central and Southern Europe","RBE",43.94365366,12.45863692,0,6,"San Marino","SMR",0,2,"Sovereign country","San Marino","SMR","Europe","Europe","Southern Europe","Europe & Central Asia","2. Developed region: nonG7","2. High income: nonOECD",33537,7,2023,2017,2010,674
"SOM","SOM","Somalia","Somalia",NA,"Somalia","EastAfrica","Regional Bureau for the East and Horn of Africa, and Great Lakes","Africa","East and Horn of Africa","SOM ABC",4.435863354,46.199965,0,6,"Somalia","SOM",0,2,"Sovereign country","Somalia","SOM","Africa","Africa","Eastern Africa","Sub-Saharan Africa","7. Least developed region","5. Low income",7531386,13,4719,2017,1987,706
"SPM","SPM","Saint-Pierre-et-Miquelon","Saint-Pierre-et-Miquelon",NA,NA,"Americas",NA,NA,NA,NA,46.858158,-56.336824,5,4,"France","FR1",1,2,"Dependency","Saint Pierre and Miquelon","SPM","North America","Americas","Northern America","North America","2. Developed region: nonG7","3. Upper middle income",5533,5,215.3,2017,-99,NA
"SRB","SRB","Serbia and Kosovo: S/RES/1244 (1999)","Serbia and Kosovo (S/RES/1244 (1999))",NA,"Serbia*","Europe","Regional Bureau for Europe","Europe","South-Eastern Europe","BIH RO ABC",44.05827918,20.79726008,0,5,"Republic of Serbia","SRB",0,2,"Sovereign country","Republic of Serbia","SRB","Europe","Europe","Southern Europe","Europe & Central Asia","6. Developing region","3. Upper middle income",7111024,13,101800,2017,2011,688
"SSD","SSD","South Sudan","South Sudan",NA,"South Sudan","EastAfrica","Regional Bureau for the East and Horn of Africa, and Great Lakes","Africa","East and Horn of Africa","SSD ABC",7.307715832,30.30700789,0,3,"South Sudan","SDS",0,2,"Sovereign country","South Sudan","SDS","Africa","Africa","Eastern Africa","Sub-Saharan Africa","7. Least developed region","5. Low income",13026129,14,20880,2017,2008,728
"STP","STP","Sao Tome and Principe","Sao Tome and Principe",NA,"Sao Tome and Principe","WestAfrica","Regional Bureaufor West and Central Africa","Africa","Central Africa and the Great Lakes","COD RO ABC",0.227448068,6.6061613,3,6,"S?\FAo Tom?? and Principe","STP",0,2,"Sovereign country","S?\FAo Tom?? and Principe","STP","Africa","Africa","Middle Africa","Sub-Saharan Africa","7. Least developed region","4. Lower middle income",201025,10,694,2017,2001,678
"SUR","SUR","Suriname","Suriname",NA,"Suriname","Americas","Regional Bureau for the Americas","The Americas","North America and the Caribbean","USA RO ABC",4.128356943,-55.91178561,0,4,"Suriname","SUR",0,2,"Sovereign country","Suriname","SUR","South America","Americas","South America","Latin America & Caribbean","6. Developing region","3. Upper middle income",591919,11,8547,2017,2004,740
"SVK","SVK","Slovakia","Slovakia",NA,"Slovakia","Europe","Regional Bureau for Europe","Europe","Northern, Western, Central and Southern Europe","HUN RO ABC",48.7124679,19.49683959,0,6,"Slovakia","SVK",0,2,"Sovereign country","Slovakia","SVK","Europe","Europe","Eastern Europe","Europe & Central Asia","2. Developed region: nonG7","1. High income: OECD",5445829,13,168800,2017,2011,703
"SVN","SVN","Slovenia","Slovenia",NA,"Slovenia","Europe","Regional Bureau for Europe","Europe","Northern, Western, Central and Southern Europe","HUN RO ABC",46.12667121,14.82860369,0,6,"Slovenia","SVN",0,2,"Sovereign country","Slovenia","SVN","Europe","Europe","Southern Europe","Europe & Central Asia","2. Developed region: nonG7","1. High income: OECD",1972126,12,68350,2017,2011,705
"SWE","SWE","Sweden","Sweden",NA,"Sweden","Europe","Regional Bureau for Europe","Europe","Northern, Western, Central and Southern Europe","SWE RO ABC",66.5851112,20.90359,0,3,"Sweden","SWE",0,2,"Sovereign country","Sweden","SWE","Europe","Europe","Northern Europe","Europe & Central Asia","2. Developed region: nonG7","1. High income: OECD",9960487,13,498100,2017,-99,752
"SWZ","SWA","Swaziland","Swaziland",NA,"Eswatini","SouthAfrica","Regional Bureau for Southern Africa","Africa","Southern Africa","ZAF RO ABC",-26.56461525,31.49756131,0,4,"eSwatini","SWZ",0,2,"Sovereign country","eSwatini","SWZ","Africa","Africa","Southern Africa","Sub-Saharan Africa","6. Developing region","4. Lower middle income",1467152,12,11060,2017,2007,748
"SXM","SXM","Sint Maarten (Dutch part)","Sint Maarten (Dutch part)",NA,"Sint Maarten (K. of the Netherland)","Americas","Regional Bureau for the Americas","The Americas","North America and the Caribbean","USA RO ABC",18.04300164,-63.06690607,3,6,"Netherlands","NL1",1,2,"Country","Sint Maarten","SXM","North America","Americas","Caribbean","Latin America & Caribbean","6. Developing region","2. High income: nonOECD",42083,7,365.8,2017,-99,534
"SYC","SEY","Seychelles","Seychelles",NA,"Seychelles","SouthAfrica","Regional Bureau for Southern Africa","Africa","Southern Africa","ZAF RO ABC",-4.660010578,55.47250782,6,6,"Seychelles","SYC",0,2,"Sovereign country","Seychelles","SYC","Seven seas (open ocean)","Africa","Eastern Africa","Sub-Saharan Africa","6. Developing region","3. Upper middle income",93920,8,2608,2017,2010,690
"SYR","SYR","Syrian Arab Rep.","Syrian Arab Rep.",NA,"Syrian Arab Republic","MENA","Regional Bureau for the Middle East and North Africa","Middle East and North Africa","Middle East","SYR ABC",35.03794746,38.51530484,0,3,"Syria","SYR",0,2,"Sovereign country","Syria","SYR","Asia","Asia","Western Asia","Middle East & North Africa","6. Developing region","4. Lower middle income",18028549,14,50280,2017,2004,760
"TCA","TCI","Turks and Caicos Islands","Turks and Caicos Islands",NA,"Turks and Caicos Islands (GBR)","Americas","Regional Bureau for the Americas","The Americas","North America and the Caribbean","USA RO ABC",21.81756286,-71.742095,6,6,"United Kingdom","GB1",1,2,"Dependency","Turks and Caicos Islands","TCA","North America","Americas","Caribbean","Latin America & Caribbean","6. Developing region","2. High income: nonOECD",52570,8,632,2017,2001,796
"TCD","CHD","Chad","Chad",NA,"Rep. of Chad","WestAfrica","Regional Bureaufor West and Central Africa","Africa","East and Horn of Africa","TCD ABC",15.46899826,18.6692111,0,3,"Chad","TCD",0,2,"Sovereign country","Chad","TCD","Africa","Africa","Middle Africa","Sub-Saharan Africa","7. Least developed region","5. Low income",12075985,14,30590,2017,2009,148
"TGO","TOG","Togo","Togo",NA,"Togo","WestAfrica","Regional Bureaufor West and Central Africa","Africa","West Africa","SEN RO ABC",8.542073488,0.974939489,0,6,"Togo","TGO",0,2,"Sovereign country","Togo","TGO","Africa","Africa","Western Africa","Sub-Saharan Africa","7. Least developed region","5. Low income",7965055,13,11610,2017,2010,768
"THA","THA","Thailand","Thailand",NA,"Thailand","Asia","Regional Bureau for Asia and the Pacific","Asia and the Pacific","South East Asia","THA ABC",15.2118337,101.0212626,0,3,"Thailand","THA",0,2,"Sovereign country","Thailand","THA","Asia","Asia","South-Eastern Asia","East Asia & Pacific","5. Emerging region: G20","3. Upper middle income",68414135,16,1161000,2017,2010,764
"TJK","TJK","Tajikistan","Tajikistan",NA,"Tajikistan","Asia","Regional Bureau for Asia and the Pacific","Asia and the Pacific","Central Asia","TJK ABC",38.33287485,69.3203975,0,4,"Tajikistan","TJK",0,2,"Sovereign country","Tajikistan","TJK","Asia","Asia","Central Asia","Europe & Central Asia","6. Developing region","5. Low income",8468555,13,25810,2017,2010,762
"TKL","TKL","Tokelau",NA,NA,NA,"Asia",NA,NA,NA,NA,-9.195175924,-171.8526596,NA,NA,NA,NA,NA,NA,NA,NA,NA,NA,NA,NA,NA,NA,NA,NA,NA,NA,NA,NA,NA
"TKM","TKM","Turkmenistan","Turkmenistan",NA,"Turkmenistan","Asia","Regional Bureau for Asia and the Pacific","Asia and the Pacific","Central Asia","KAZ RO ABC",39.17675479,59.34641364,0,4,"Turkmenistan","TKM",0,2,"Sovereign country","Turkmenistan","TKM","Asia","Asia","Central Asia","Europe & Central Asia","6. Developing region","3. Upper middle income",5351277,13,94720,2017,1995,795
"TLS","TMP","Timor-Leste","Timor-Leste",NA,"Timor-Leste","Asia","Regional Bureau for Asia and the Pacific","Asia and the Pacific","South East Asia","THA RO ABC",-8.801651093,125.9461117,1,5,"East Timor","TLS",0,2,"Sovereign country","East Timor","TLS","Asia","Asia","South-Eastern Asia","East Asia & Pacific","7. Least developed region","4. Lower middle income",1291358,12,4975,2017,2010,626
"TON","TON","Tonga","Tonga",NA,"Tonga","Asia","Regional Bureau for Asia and the Pacific","Asia and the Pacific","East Asia and the Pacific","AUS RO ABC",-21.19689841,-175.202995,5,4,"Tonga","TON",0,2,"Sovereign country","Tonga","TON","Oceania","Oceania","Polynesia","East Asia & Pacific","6. Developing region","4. Lower middle income",106479,9,557,2017,2006,776
"TTO","TRT","Trinidad and Tobago","Trinidad and Tobago",NA,"Trinidad and Tobago","Americas","Regional Bureau for the Americas","The Americas","North America and the Caribbean","USA RO ABC",10.41733152,-61.29207929,3,5,"Trinidad and Tobago","TTO",0,2,"Sovereign country","Trinidad and Tobago","TTO","North America","Americas","Caribbean","Latin America & Caribbean","6. Developing region","2. High income: nonOECD",1218208,12,43570,2017,2011,780
"TUN","TUN","Tunisia","Tunisia",NA,"Tunisia","MENA","Regional Bureau for the Middle East and North Africa","Middle East and North Africa","North Africa","TUN ABC",34.16164605,9.554151662,0,3,"Tunisia","TUN",0,2,"Sovereign country","Tunisia","TUN","Africa","Africa","Northern Africa","Middle East & North Africa","6. Developing region","3. Upper middle income",11403800,14,130800,2017,2004,788
"TUR","TUR","Turkey","Turkey",NA,"Turkey","Europe","Regional Bureau for Europe","Europe","Eastern Europe","TUR ABC",39.02813236,35.44326168,0,2,"Turkey","TUR",0,2,"Sovereign country","Turkey","TUR","Asia","Asia","Western Asia","Europe & Central Asia","4. Emerging region: MIKT","3. Upper middle income",80845215,16,1670000,2017,2000,792
"TUV","TUV","Tuvalu","Tuvalu",NA,"Tuvalu","Asia","Regional Bureau for Asia and the Pacific","Asia and the Pacific","East Asia and the Pacific",NA,-8.514706109,179.2178321,5,6,"Tuvalu","TUV",0,2,"Sovereign country","Tuvalu","TUV","Oceania","Oceania","Polynesia","East Asia & Pacific","7. Least developed region","3. Upper middle income",11052,6,39,2017,2002,798
"TZA","TAN","United Rep. of Tanzania","United Rep. of Tanzania",NA,"United Republic of Tanzania","EastAfrica","Regional Bureau for the East and Horn of Africa, and Great Lakes","Africa","Central Africa and the Great Lakes","TZA ABC",-6.291788492,34.81390689,0,3,"United Republic of Tanzania","TZA",0,2,"Sovereign country","United Republic of Tanzania","TZA","Africa","Africa","Eastern Africa","Sub-Saharan Africa","7. Least developed region","5. Low income",53950935,16,150600,2017,2002,834
"UGA","UGA","Uganda","Uganda",NA,"Uganda","EastAfrica","Regional Bureau for the East and Horn of Africa, and Great Lakes","Africa","East and Horn of Africa","UGA ABC",1.281135112,32.38643422,0,3,"Uganda","UGA",0,2,"Sovereign country","Uganda","UGA","Africa","Africa","Eastern Africa","Sub-Saharan Africa","7. Least developed region","5. Low income",39570125,15,84930,2017,2002,800
"UKR","UKR","Ukraine","Ukraine",NA,"Ukraine","Europe","Regional Bureau for Europe","Europe","Eastern Europe","UKR ABC",49.09696387,31.34888206,0,3,"Ukraine","UKR",0,2,"Sovereign country","Ukraine","UKR","Europe","Europe","Eastern Europe","Europe & Central Asia","6. Developing region","4. Lower middle income",44033874,15,352600,2017,2001,804
"URY","URU","Uruguay","Uruguay",NA,"Uruguay","Americas","Regional Bureau for the Americas","The Americas","Latin America","ARG RO ABC",-32.82168037,-56.00892367,0,4,"Uruguay","URY",0,2,"Sovereign country","Uruguay","URY","South America","Americas","South America","Latin America & Caribbean","5. Emerging region: G20","3. Upper middle income",3360148,12,73250,2017,2004,858
"USA","USA","United States of America","United States of America",NA,"United States of America","Americas","Regional Bureau for the Americas","The Americas","North America and the Caribbean","USA RO ABC",40.14245014,-99.29881552,0,2,"United States of America","US1",1,2,"Country","United States of America","USA","North America","Americas","Northern America","North America","1. Developed region: G7","1. High income: OECD",326625791,17,18560000,2017,2010,840
"UZB","UZB","Uzbekistan","Uzbekistan",NA,"Uzbekistan","Asia","Regional Bureau for Asia and the Pacific","Asia and the Pacific","Central Asia","KAZ RO ABC",41.8277576,63.08746344,0,3,"Uzbekistan","UZB",0,2,"Sovereign country","Uzbekistan","UZB","Asia","Asia","Central Asia","Europe & Central Asia","6. Developing region","4. Lower middle income",29748859,15,202300,2017,1989,860
"VAT","VAT","Holy See","Holy See (the)",NA,"Holy See","Europe","Regional Bureau for Europe","Europe","Northern, Western, Central and Southern Europe","RBE",41.903365,12.45225448,0,6,"Vatican","VAT",0,2,"Sovereign country","Vatican","VAT","Europe","Europe","Southern Europe","Europe & Central Asia","2. Developed region: nonG7","2. High income: nonOECD",1000,3,0,2015,-99,336
"VCT","VCT","Saint Vincent and the Grenadines","Saint Vincent and the Grenadines",NA,"Saint Vincent and the Grenadines","Americas","Regional Bureau for the Americas","The Americas","North America and the Caribbean","USA RO ABC",13.2548349,-61.19376373,6,6,"Saint Vincent and the Grenadines","VCT",0,2,"Sovereign country","Saint Vincent and the Grenadines","VCT","North America","Americas","Caribbean","Latin America & Caribbean","6. Developing region","3. Upper middle income",102089,9,1241,2017,2011,670
"VEN","VEN","Venezuela (Bolivarian Republic of)","Venezuela (Bolivarian Republic of)",NA,"Bolivarian Republic of Venezuela","Americas","Regional Bureau for the Americas","The Americas","Latin America","VEN ABC",7.133645737,-66.18536305,0,3,"Venezuela","VEN",0,2,"Sovereign country","Venezuela","VEN","South America","Americas","South America","Latin America & Caribbean","5. Emerging region: G20","3. Upper middle income",31304016,15,468600,2017,2001,862
"VGB","BVI","British Virgin Islands","British Virgin Islands",NA,"British Virgin Islands (GBR)","Americas","Regional Bureau for the Americas","The Americas","North America and the Caribbean","USA RO ABC",18.42196052,-64.62406099,3,6,"United Kingdom","GB1",1,2,"Dependency","British Virgin Islands","VGB","North America","Americas","Caribbean","Latin America & Caribbean","2. Developed region: nonG7","1. High income: OECD",35015,7,500,2017,-99,92
"VIR","VIR","United States Virgin Islands",NA,NA,NA,"Americas",NA,NA,NA,NA,17.73554265,-64.76258608,3,6,"United States of America","US1",1,2,"Dependency","United States Virgin Islands","VIR","North America","Americas","Caribbean","Latin America & Caribbean","6. Developing region","2. High income: nonOECD",107268,9,3792,2017,2010,NA
"VNM","SRV","Viet Nam","Viet Nam",NA,"Viet Nam","Asia","Regional Bureau for Asia and the Pacific","Asia and the Pacific","South East Asia","THA RO ABC",11.98690882,107.6338225,0,2,"Vietnam","VNM",0,2,"Sovereign country","Vietnam","VNM","Asia","Asia","South-Eastern Asia","East Asia & Pacific","5. Emerging region: G20","4. Lower middle income",96160163,16,594900,2017,2009,704
"VUT","VAN","Vanuatu","Vanuatu",NA,"Vanuatu","Asia","Regional Bureau for Asia and the Pacific","Asia and the Pacific","East Asia and the Pacific","AUS RO ABC",-15.38202891,166.879695,5,4,"Vanuatu","VUT",0,2,"Sovereign country","Vanuatu","VUT","Oceania","Oceania","Melanesia","East Asia & Pacific","7. Least developed region","4. Lower middle income",282814,10,723,2017,2009,548
"WLF","WLF","Wallis and Futuna Islands","Wallis and Futuna Islands ",NA,NA,"Asia",NA,NA,NA,NA,-13.285499,-176.170737,5,4,"France","FR1",1,2,"Dependency","Wallis and Futuna","WLF","Oceania","Oceania","Polynesia","East Asia & Pacific","6. Developing region","4. Lower middle income",15714,6,60,2017,-99,NA
"WSM","WES","Samoa","Samoa",NA,"Samoa","Asia","Regional Bureau for Asia and the Pacific","Asia and the Pacific","East Asia and the Pacific","AUS RO ABC",-13.63496417,-172.4354243,3,4,"Samoa","WSM",0,2,"Sovereign country","Samoa","WSM","Oceania","Oceania","Polynesia","East Asia & Pacific","7. Least developed region","4. Lower middle income",200108,10,1046,2017,2006,882
"XXA","STA","Stateless","Stateless",NA,NA,NA,NA,NA,NA,NA,NA,NA,NA,NA,NA,NA,NA,NA,NA,NA,NA,NA,NA,NA,NA,NA,NA,NA,NA,NA,NA,NA,NA
"XXX","VAR","Various","Various/Unknown",NA,NA,NA,NA,NA,NA,NA,NA,NA,NA,NA,NA,NA,NA,NA,NA,NA,NA,NA,NA,NA,NA,NA,NA,NA,NA,NA,NA,NA,NA
"YEM","YEM","Yemen","Yemen",NA,"Yemen","MENA","Regional Bureau for the Middle East and North Africa","Middle East and North Africa","Middle East","YEM ABC",15.2265918,45.2886025,0,3,"Yemen","YEM",0,2,"Sovereign country","Yemen","YEM","Asia","Asia","Western Asia","Middle East & North Africa","7. Least developed region","4. Lower middle income",28036829,15,73450,2017,2004,887
"ZAF","RSA","South Africa","South Africa",NA,"South Africa","SouthAfrica","Regional Bureau for Southern Africa","Africa","Southern Africa","ZAF RO ABC",-30.08974368,24.68688,0,2,"South Africa","ZAF",0,2,"Sovereign country","South Africa","ZAF","Africa","Africa","Southern Africa","Sub-Saharan Africa","5. Emerging region: G20","3. Upper middle income",54841552,16,739100,2017,2001,710
"ZMB","ZAM","Zambia","Zambia",NA,"Zambia","EastAfrica","Regional Bureau for Southern Africa","Africa","Southern Africa","ZMB ABC",-14.6155581,27.849335,0,3,"Zambia","ZMB",0,2,"Sovereign country","Zambia","ZMB","Africa","Africa","Eastern Africa","Sub-Saharan Africa","7. Least developed region","4. Lower middle income",15972000,14,65170,2017,2010,894
"ZWE","ZIM","Zimbabwe","Zimbabwe",NA,"Zimbabwe","SouthAfrica","Regional Bureau for Southern Africa","Africa","Southern Africa","ZWE ABC",-19.02332564,29.87216786,0,3,"Zimbabwe","ZWE",0,2,"Sovereign country","Zimbabwe","ZWE","Africa","Africa","Eastern Africa","Sub-Saharan Africa","5. Emerging region: G20","5. Low income",13805084,14,28330,2017,2002,716
NA,NA,"Clipperton Island",NA,NA,NA,NA,NA,NA,NA,NA,NA,NA,6,5,"France","FR1",1,2,"Dependency","Clipperton Island","CLP",NA,NA,NA,NA,NA,NA,NA,NA,NA,NA,NA,NA
NA,NA,"Akrotiri Sovereign Base Area",NA,NA,NA,NA,NA,NA,NA,NA,NA,NA,3,3,"United Kingdom","GB1",1,2,"Dependency","Akrotiri Sovereign Base Area","WSB",NA,NA,NA,NA,NA,NA,NA,NA,NA,NA,NA,NA
NA,NA,"Aland",NA,NA,NA,NA,NA,NA,NA,NA,NA,NA,6,6,"Finland","FI1",1,2,"Country","Aland","ALD",NA,NA,NA,NA,NA,NA,NA,NA,NA,NA,NA,NA
NA,NA,"Scarborough Reef",NA,NA,NA,NA,NA,NA,NA,NA,NA,NA,6,6,"Scarborough Reef","SCR",0,2,"Indeterminate","Scarborough Reef","SCR",NA,NA,NA,NA,NA,NA,NA,NA,NA,NA,NA,NA
NA,NA,"Dhekelia Sovereign Base Area",NA,NA,NA,NA,NA,NA,NA,NA,NA,NA,3,3,"United Kingdom","GB1",1,2,"Dependency","Dhekelia Sovereign Base Area","ESB",NA,NA,NA,NA,NA,NA,NA,NA,NA,NA,NA,NA
NA,NA,"Serranilla Bank",NA,NA,NA,NA,NA,NA,NA,NA,NA,NA,6,5,"Serranilla Bank","SER",0,2,"Indeterminate","Serranilla Bank","SER",NA,NA,NA,NA,NA,NA,NA,NA,NA,NA,NA,NA
NA,NA,"Antarctica",NA,NA,NA,NA,NA,NA,NA,NA,NA,NA,0,4,"Antarctica","ATA",0,2,"Indeterminate","Antarctica","ATA",NA,NA,NA,NA,NA,NA,NA,NA,NA,NA,NA,NA
NA,NA,"Northern Cyprus",NA,NA,NA,NA,NA,NA,NA,NA,NA,NA,1,6,"Northern Cyprus","CYN",0,2,"Sovereign country","Northern Cyprus","CYN",NA,NA,NA,NA,NA,NA,NA,NA,NA,NA,NA,NA
NA,NA,"United States Minor Outlying Islands",NA,NA,NA,NA,NA,NA,NA,NA,NA,NA,6,5,"United States of America","US1",1,2,"Dependency","United States Minor Outlying Islands","UMI",NA,NA,NA,NA,NA,NA,NA,NA,NA,NA,NA,NA
NA,NA,"Heard Island and McDonald Islands",NA,NA,NA,NA,NA,NA,NA,NA,NA,NA,5,5,"Australia","AU1",1,2,"Dependency","Heard Island and McDonald Islands","HMD",NA,NA,NA,NA,NA,NA,NA,NA,NA,NA,NA,NA
NA,NA,"Ashmore and Cartier Islands",NA,NA,NA,NA,NA,NA,NA,NA,NA,NA,6,5,"Australia","AU1",1,2,"Dependency","Ashmore and Cartier Islands","ATC",NA,NA,NA,NA,NA,NA,NA,NA,NA,NA,NA,NA
NA,NA,"Somaliland",NA,NA,NA,"EastAfrica",NA,NA,NA,NA,NA,NA,0,5,"Somaliland","SOL",0,2,"Indeterminate","Somaliland","SOL",NA,NA,NA,NA,NA,NA,NA,NA,NA,NA,NA,NA
NA,NA,"US Naval Base Guantanamo Bay",NA,NA,NA,NA,NA,NA,NA,NA,NA,NA,0,10,"Cuba","CUB",1,2,"Lease","US Naval Base Guantanamo Bay","USG",NA,NA,NA,NA,NA,NA,NA,NA,NA,NA,NA,NA
NA,NA,"Coral Sea Islands",NA,NA,NA,NA,NA,NA,NA,NA,NA,NA,6,5,"Australia","AU1",1,2,"Dependency","Coral Sea Islands","CSI",NA,NA,NA,NA,NA,NA,NA,NA,NA,NA,NA,NA
NA,NA,"Bajo Nuevo Bank (Petrel Is.)",NA,NA,NA,NA,NA,NA,NA,NA,NA,NA,6,8,"Bajo Nuevo Bank (Petrel Is.)","BJN",0,2,"Indeterminate","Bajo Nuevo Bank (Petrel Is.)","BJN",NA,NA,NA,NA,NA,NA,NA,NA,NA,NA,NA,NA
NA,NA,"Baykonur Cosmodrome",NA,NA,NA,NA,NA,NA,NA,NA,NA,NA,0,5,"Kazakhstan","KAZ",1,2,"Lease","Baykonur Cosmodrome","KAB",NA,NA,NA,NA,NA,NA,NA,NA,NA,NA,NA,NA
NA,NA,"Cyprus No Mans Area",NA,NA,NA,NA,NA,NA,NA,NA,NA,NA,1,9,"Cyprus No Mans Area","CNM",0,2,"Indeterminate","Cyprus No Mans Area","CNM",NA,NA,NA,NA,NA,NA,NA,NA,NA,NA,NA,NA
NA,NA,"French Southern and Antarctic Lands",NA,NA,NA,NA,NA,NA,NA,NA,NA,NA,6,6,"France","FR1",1,2,"Dependency","French Southern and Antarctic Lands","ATF",NA,NA,NA,NA,NA,NA,NA,NA,NA,NA,NA,NA
NA,NA,"Indian Ocean Territories",NA,NA,NA,NA,NA,NA,NA,NA,NA,NA,6,5,"Australia","AU1",1,2,"Dependency","Indian Ocean Territories","IOA",NA,NA,NA,NA,NA,NA,NA,NA,NA,NA,NA,NA
NA,NA,"Taiwan",NA,NA,NA,NA,NA,NA,NA,NA,NA,NA,0,3,"Taiwan","TWN",0,2,"Sovereign country","Taiwan","TWN",NA,NA,NA,NA,NA,NA,NA,NA,NA,NA,NA,NA
NA,NA,"British Indian Ocean Territory",NA,NA,NA,NA,NA,NA,NA,NA,NA,NA,5,5,"United Kingdom","GB1",1,2,"Dependency","British Indian Ocean Territory","IOT",NA,NA,NA,NA,NA,NA,NA,NA,NA,NA,NA,NA
"TIB","TIB","Tibet","Tibetan",NA,NA,NA,NA,NA,NA,NA,31.742151,88.126154,NA,NA,NA,NA,NA,NA,NA,NA,NA,NA,NA,NA,NA,NA,NA,NA,NA,NA,NA,NA,NA
NA,NA,"Spratly Islands",NA,NA,NA,NA,NA,NA,NA,NA,NA,NA,6,6,"Spratly Islands","PGA",0,2,"Indeterminate","Spratly Islands","PGA",NA,NA,NA,NA,NA,NA,NA,NA,NA,NA,NA,NA
NA,NA,"Siachen Glacier",NA,NA,NA,NA,NA,NA,NA,NA,NA,NA,0,5,"Kashmir","KAS",0,2,"Indeterminate","Siachen Glacier","KAS",NA,NA,NA,NA,NA,NA,NA,NA,NA,NA,NA,NA
